NAMA RUMAH;HARGA;Luas bangunan;Luas tanah;Kamar tidur;Kamar mandi;Kapasitas mobil dalam garasi
Rumah Modern di Tebet dekat Stasiun, Tebet, Jakarta Selatan;0,0563;0,1101;0,0617;0,25;0,2222;0,1111
Rumah Mewah 2 Lantai Hanya 3 Menit Ke Tebet, Tebet, Jakarta Selatan;0,0313;0,1919;0,1456;0,25;0,3333;0,3333
Rumah Bagus Tebet komp Gudang Peluru lt 350m, Tebet, Jakarta Selatan;0,125;0,317;0,2236;0,5;0,4444;0,2222
Rumah Mewah Modern Murah 3 lantai di Tebet Jakarta Selatan, Tebet, Jakarta Selatan;0,062;0,223;0,0743;0,375;0,2222;0,2222
Rumah lama di Tebet, dekat MT Haryono dan tol dalam kota, jalan 1 mobil hanya 30M dr jln besar, Tebet, Jakarta Selatan;0,025;0,0536;0,0713;0,125;0,1111;0
Minimalis Baru Jalan 2 Mobil Tebet Timur, Tebet, Jakarta Selatan;0,0547;0,1759;0,0312;0,375;0,3333;0
Brand New house di Tebet Barat, Tebet, Jakarta Selatan;0,0406;0,0856;0,0416;0,125;0,2222;0,2222
Rumah Mewah di TEBET, Tebet, Jakarta Selatan;0,1328;0,3641;0,1382;0,25;0,3333;0
Rumah bagus di tebet, jakarta selatan, Tebet, Jakarta Selatan;0,1484;0,1458;0,0475;0,125;0,2222;0,1111
#BAWAHNJOP#MURAH#CASHONLY#LELANG# RUMAH ASEM BARIS RAYAI COCOK UNTUK USAHA DEKAT SAAS, Tebet, Jakarta Selatan;0,1797;0,1289;0,6872;0,25;0,1111;0,5556
Rukan Baru Siap Pakai di Tebet Jakarta Selatan, Tebet, Jakarta Selatan;0,0563;0,1101;0,0617;0,375;0,3333;0,1111
Rumah bebas banjir di kebon baru tebet, Tebet, Jakarta Selatan;0,0313;0,0593;0,0669;0,25;0,1111;0,1111
Rumah jalan 2 mobil, Tebet, Jakarta Selatan;0,0781;0,317;0,0713;0,375;0,3333;0
Rumah standard hitung tanah di tebet dalam jakarta selatan, Tebet, Jakarta Selatan;0,1016;0,0818;0,1478;0,375;0,1111;0,1111
RUMAH MEWAH CANTIK DI MENTENG DALAM TEBET JAKARTA SELATAN, Tebet, Jakarta Selatan;0,2656;0,1289;0,1464;0,375;0,2222;0,2222
BRAND NEW 3 LANTAI DENGAN FASILITAS KOLAM RENANG DI TEBET - JAKSEL, Tebet, Jakarta Selatan;0,1359;0,3641;0,1441;0,375;0,4444;0,3333
Rumah mewah 2 Lantai Murah full furnished bebas banjir di lokasi strategis rasamala tebet jakarta selatan, Tebet, Jakarta Selatan;0,2031;0,223;0,4799;0,75;0,4444;0,1111
Rumah di Tebet timur, Tebet, Jakarta Selatan;0,1094;0,2371;0,1218;0,625;0,2222;0,1111
Rumah di Tebet , kebon baru , jakarta selatan, Tebet, Jakarta Selatan;0,0703;0,27;0,1308;0,375;0,4444;0,2222
Rumah 1.5 Lt Di Asem Baris Tebet Jakarta Selatan, Tebet, Jakarta Selatan;0,1563;0,5522;0,4762;0,875;0,5556;0,1111
Rumah siap huni, Tebet, Jakarta Selatan;0,0469;0,1759;0,1077;0,75;0,1111;0,1111
Rumah Baru, Bagus, di tebet Barat, Jajarta Selatan, Tebet, Jakarta Selatan;0,0453;0,1383;0,0565;0,125;0,3333;0,1111
Rumah Minimalis Plus Mini Swimming Pool , Tebet, Tebet, Jakarta Selatan;0,0859;0,223;0,1085;0,375;0,4444;0,3333
Rumah Bagus Siap Huni, Tebet, Jakarta Selatan;0,075;0,1054;0,1085;0,5;0,3333;0,1111
Rumah Brand New Minimalis Elegan 2 Lantai Lokasi Strategis 5 Menit Ke Stasiun di Tebet, Tebet, Jakarta Selatan;0,0344;0,0724;0,0416;0,125;0,2222;0,1111
Rumah Daerah Tebet, Tebet, Jakarta Selatan;0,1219;0,317;0,1308;0,375;0,4444;0,1111
Rumah Mewah Furnished Tebet Barat Swimming Poll Akses Patra Kuningan, Tebet, Jakarta Selatan;0,6406;0,7874;0,4056;0,625;0,6667;0
Rumah mewah hook siap huni dan terawat di gudang peluru tebet, Tebet, Jakarta Selatan;0,1547;0,5484;0,2779;0,375;0,4444;0,1111
Rumah tebet, Tebet, Jakarta Selatan;0,0406;0,0771;0,1085;0,75;0,7778;0
Rumah baru Minimalis, Tebet, Jakarta Selatan;0,0469;0,1477;0,049;0,25;0,3333;0,2222
Rumah Minimalis 3 Lantai lokasi strategis bebas banjir ada mini kolam renang di tebet jakarta selatan, Tebet, Jakarta Selatan;0,0859;0,223;0,1085;0,375;0,4444;0
Rumah Siap Huni Hadap Timur di Tebet, Tebet, Jakarta Selatan;0,0547;0,1759;0,0743;0,5;0,2222;0
Rumah Minimalis di Tebet Jakarta Selatan, Tebet, Jakarta Selatan;0,0547;0,1731;0,0379;0,375;0,4444;0
rumah 2 lantai , jalan depan 1 mobil , SHM , Tebet timur , Jakarta Selatan, Tebet, Jakarta Selatan;0,0469;0,1289;0,0639;0,25;0,3333;0,1111
FATHUR TEBET RUMAH BAGUS lt 90m2 LOKASI BAGUS. HUB FATHUR:0818398080, Tebet, Jakarta Selatan;0,025;0,0818;0,0267;0,125;0,1111;0,1111
Rumah tua layak huni, HITUNG TANAH di Tebet Barat, Jakarta Selatan, Tebet, Jakarta Selatan;0,0703;0,1383;0,1374;0,75;0,4444;0
Di Juaal Cepat Rumah Mewah Di Menteng Dalam Fully Furnished dan Bangun Kualitas Terbaik hrg 15 M, Tebet, Jakarta Selatan;0,2188;0,2596;0,4376;0,625;0,4444;0,4444
Rumah 2 Lt bagus dan TERMURAH Akses Jalan 2 Mobil di Tebet Utara, Tebet, jakarta Selatan, Tebet, Jakarta Selatan;0,0391;0,1195;0,0342;0,375;0,3333;0,1111
Rumah Modern Minimalis 3 Lantai Full Furnished di Tebet Jakarta Selatan, Tebet, Jakarta Selatan;0,0516;0,0677;0,0684;0,5;0,5556;0
Rumah Tebet Dalam Jakarta Selatan, Tebet, Jakarta Selatan;0,0469;0,1195;0,0899;0,25;0,1111;0
rumah lama layak huni strategis dekat jalan tebet raya, Tebet, Jakarta Selatan;0,0234;0,0536;0,0267;0,25;0;0
Rumah Huk, Tebet ,SHM+IMB ,menteng dalem , jakarta Selatan, Tebet, Jakarta Selatan;0,0586;0,1101;0,1055;0,375;0,4444;0
Rumah di tebet, Jakarta Selatan, dekat tol, Tebet, Jakarta Selatan;0,3438;0,6463;0,4131;0,75;0,5556;0,3333
Rumah Cantik 3 Lt @Brand New Akses Jalan 2 Mobil TERMURAH di Tebet Timur, Tebet, Jakarta Selatan;0,0531;0,1759;0,0312;0,5;0,4444;0,1111
Rumah cantik, minimalis , strategis & murah di Tebet, Tebet, Jakarta Selatan;0,0547;0,1477;0,0639;0,375;0,3333;0,1111
hunian asri diselatan jakarta, Tebet, Jakarta Selatan;0,0625;0,1759;0,0936;0,375;0,2222;0,1111
Rumah Mewah Cantik Asri Siap Huni Di Gudang Peluru Tebet Jakarta Selatan, Tebet, Jakarta Selatan;0,1875;0,1289;0,2519;0,375;0,2222;0
Rumah ditebet barat1, Tebet, Jakarta Selatan;0,0492;0,1439;0,0602;0,375;0,3333;0
Rumah Tebet Barat Dalam XB, Tebet, Jakarta Selatan;0,0438;0,1853;0,0565;0,5;0,2222;0,1111
Rumah Bagus dan Minimalis Tebet, Tebet, Jakarta Selatan;0,1109;0,1712;0,1382;0,125;0,2222;0,1111
Rumah terawat siap huni bagus jalanan dua mobil di Tebet, Tebet, Jakarta Selatan;0,0664;0,079;0,0401;0,25;0,2222;0,1111
Rumah Asri Dan Sangat Strateaigis Di Tebet, Tebet, Jakarta Selatan;0,0547;0,0536;0,0676;0,5;0,3333;0,1111
Rumah Lokasi Strategis Dekat Jalan Raya di Tebet, Tebet, Jakarta Selatan;0,0813;0,1007;0,1085;0,75;0,4444;0,1111
rumah tebet, bonus apartemen dan mobil, Tebet, Jakarta Selatan;0,0859;0,1759;0,1085;0,5;0,2222;0,1111
Rumah Baru Murah di Tebet Timur Jakarta Selatan, Tebet, Jakarta Selatan;0,0391;0,1007;0,0431;0,25;0,4444;0,1111
Rumah Tebet Jalan 2 Mobil Lokasi Strategis, Tebet, Jakarta Selatan;0,0344;0,0818;0,0565;0,125;0,1111;0
RUMAH BARU MURAH SIAP HUNI DI TEBET TIMUR JAKRTA - YUNIA , 081282940124, Tebet, Jakarta Selatan;0,0437;0,1289;0,0565;0,125;0,2222;0
Rumah Bagus, Siap Huni, Tebet, Jakarta Selatan;0,0781;0,1759;0,107;0,625;0,3333;0,1111
Rumah Second Hook Lokasi Premium Di Tebet - YUNIA 081282940124, Tebet, Jakarta Selatan;0,1373;0,3198;0,2519;0,375;0,2222;0,1111
rumah tinggal tempati., Tebet, Jakarta Selatan;0,0703;0,1007;0,1605;0,5;0,2222;0
Rumah Tebet Murah Lokasi Strategis Ramai Jakarta Selatan, Tebet, Jakarta Selatan;0,0367;0,0536;0,0602;0,25;0,2222;0
RUMAH TEBET 165m2 SIAP HUNI HUB : 081280069222 FIFI PR-15815, Tebet, Jakarta Selatan;0,0391;0,1759;0,0825;0,5;0,3333;0,1111
Rumah Baru Minimalis daerah Tebet Timur, Tebet, Jakarta Selatan;0,0578;0,1101;0,0617;0,25;0,2222;0,1111
Rumah baru 2 lantai siap huni di tebet dengan harga terjangkau, Tebet, Jakarta Selatan;0,0391;0,1007;0,0431;0,125;0,3333;0
RUMAH KOKOH AMAN DAN STRATEGIS DI TEBET, Tebet, Jakarta Selatan;0,0289;0,0913;0,0267;0,25;0,1111;0
Rumah baru di Tebet Posisi hoek, Tebet, Jakarta Selatan;0,0391;0,0913;0,0416;0,125;0,2222;0,1111
Rumah Tebet Mas Indah, Tebet, Jakarta Selatan, Tebet, Jakarta Selatan;0,1875;0,1251;0,1419;0,625;0,2222;0
Rumah 2 lantai ber carport 2 SHM di tebet jakarta selatan, Tebet, Jakarta Selatan;0,0516;0,1007;0,0431;0,25;0,4444;0,1111
Rumah Mewah 2 Lantai Siap Huni Desain Apik Di Tebet Barat Jakarta Selatan, Tebet, Jakarta Selatan;0,0898;0,27;0,1159;0,25;0,3333;0
Rumah Lokasi Strategis Di Tebet, Tebet, Jakarta Selatan;0,0344;0,1289;0,0371;0,25;0,2222;0
Dijual Rumah Siap Huni di Komp Gudang Peluru, Tebet, Jakarta Selatan lt 282m2, Lebar Jalan 3 Mobil,Hubungi 0813-1838-1838 / 0878-7838-1838., Tebet, Jakarta Selatan;0,1133;0,3735;0,1694;0,5;0,4444;0,1111
Rumah Tebet Dekat Stasiun Tebet, Tebet, Jakarta Selatan;0,0352;0,0818;0,0565;0,375;0,1111;0
Rumah Minimalis di Tebet Jakarta Selatan, Tebet, Jakarta Selatan;0,0625;0,2512;0,2088;0,75;0,3333;0
Rumah Mewah di Tebet Barat Jakarta Selatan, Tebet, Jakarta Selatan;0,1328;0,3594;0,1434;0,5;0,4444;0,1111
Rumah second semi cluster di Tebet Timur Dalam Jaksel, Tebet, Jakarta Selatan;0,0375;0,0724;0,0371;0,25;0,2222;0
Rumah Bagus,Cantik Sangat Murah, Tebet, Jakarta Selatan;0,0625;0,2465;0,0788;0,875;0,5556;0,1111
Rumah Di Kebon Baru, Tebet, Tebet, Jakarta Selatan;0,0719;0,1759;0,127;0,375;0,2222;0,1111
BEST PRICE Rumah di Tebet, akses jalan 2 mobil, Jakarta Selatan, Tebet, Jakarta Selatan;0,0547;0,1101;0,0602;0,25;0,2222;0
Rumah strategis di Kebon baru, Tebet, Jakarta Selatan;0,1531;0,4111;0,2571;0,5;0,4444;0,2222
Rumah Termurah di Tebet Utara Jakarta Selatan, Tebet, Jakarta Selatan;0,025;0,1383;0,0275;0,375;0,3333;0
Rumah Murah dibawah harga dekat Mal Kota Casablanca Jakarta Selatan, Tebet, Jakarta Selatan;0,0406;0,1101;0,0542;0,25;0,3333;0
brand new rumah minimalis di tebet dekat sekolah dan TOl, Tebet, Jakarta Selatan;0,0383;0,1007;0,0431;0,125;0,3333;0,1111
Rumah 1,5 Lantai di Tebet Timur Jakarta Selatan, Tebet, Jakarta Selatan;0,1;0,1289;0,1508;0,25;0,2222;0
Rumah Bagus di Menteng Dalam, Tebet, Jakarta Selatan;0,1406;0,317;0,1694;0,75;0,3333;0,2222
Rumah mewah bebas banjir murah di tebet, Tebet, Jakarta Selatan;0,2188;0,6933;0,87;0,5;0,8889;0,1111
Rumah minimalis di Tebet, Tebet, Jakarta Selatan;0,0391;0,1007;0,0401;0,375;0,2222;0,2222
Rumah Strategis Dan Minimalis Di Tebet, Tebet, Jakarta Selatan;0,0391;0,1759;0,0646;0,375;0,2222;0,1111
Rumah Tebet Barat 2Lantai siap huni strategis area!, Tebet, Jakarta Selatan;0,0281;0,0913;0,0267;0,375;0,2222;0
Butuh Cepat, Rumah Bagus Di Tebet, Tebet, Jakarta Selatan;0,0344;0,0818;0,0193;0,375;0,2222;0
Rumah Siap Huni di Jl Tebet Raya,Lingkungan Tenang dan Nyaman, Untuk informasi lebih lanjut Hubungi 0813-1838-1838 / 0878-7838-1838, Tebet, Jakarta Selatan;0,1563;0,1994;0,1865;0,375;0,2222;0
Rumah bagus Full Furnish, Tebet, Jakarta Selatan;0,0625;0,2418;0,0713;0,375;0,4444;0
Rumah Tua Di Tebet, Tebet, Jakarta Selatan;0,0719;0,0875;0,1025;0,375;0,1111;0,1111
Dijual Sangat Murah Rumah Di Tebet Timur Lokasi Premium Dan Strategis - Jakarta Selatan;0,0438;0,1392;0,0936;0,375;0,3333;0,2222
Rumah Lama Tebet Timur;0,0469;0,1289;0,0684;0,125;0;0
Edisi Turun Harga Masa Covid19 BU Rumah Mewah di Menteng Dalam, Tebet, Jakarta Selatan. Full Furnish;0,2188;0,6933;0,474;0,375;0,3333;0,3333
Rumah Dijual Tebet;0,0445;0,1289;0,0565;0,25;0,3333;0,1111
Rumah Siap Huni Jln 2 Mbl Nyaman;0,05;0,0913;0,0639;0,25;0,2222;0,1111
TEBET BARAT - Rumah Besar Akses 2 Mobil. SHM;0,078;0,27;0,1159;0,375;0,3333;0,2222
Rumah siap huni di tebet timur jakarta selatan;0,0469;0,1101;0,0728;0,25;0,2222;0,1111
Rumah baru lux furnish di kawasan elit tebet jakarta selatan;0,6406;0,7404;0,4056;0,375;0,4444;0,4444
Rumah Baru Di Tebet;0,1328;0,2606;0,1382;0,25;0,2222;0,1111
Rumah siap huni baru di tebet jakarta selatan;0,0469;0,1195;0,0639;0,25;0,3333;0,1111
Di Kebun Baru Rumah Terawat, Area Strategis;0,0469;0,0715;0,1308;0,25;0,3333;0
Di jual Rumah Cantik Bangunan 2 Lantai di Tebet;0,0938;0,317;0,1694;0,75;0,3333;0,2222
Rumah Tua di Tebet;0,0551;0,0348;0,0795;0,25;0,1111;0
Di Jual Cepat Rumah Mewah Konsep Minimalis Modern Di Tebet Jak Sel;0,375;0,397;0,3685;0,375;0,5556;0,1111
Rumah Huni Di Kawasan Utama Tebet;0,2953;0,2662;0,2942;0,375;0,4444;0,1111
Rumah Lama Jalan Lebar;0,2188;0,317;0,3893;0,5;0,2222;0,1111
Tebet Rumah Harga Menarik Jalan Dua Mobil Dekat Kasan Kuliner Tebet;0,0406;0,1007;0,0684;0,125;0,2222;0
Dijual Rumah Cantik Murah Siap Huni Di Tebet Timur, Tebet Jakarta Selatan;0,0461;0,1289;0,0698;0,25;0,2222;0
Dijual Rumah Brand New di Jl Tebet Timur Dalam;0,0453;0,1289;0,0565;0,125;0,1111;0,1111
TEBET - Siap Huni di Jalan 1 Mobil, Bagus;0,0445;0,1627;0,0617;0,25;0,2222;0,1111
Dijual Rumah Lokasi Sangat Strategis;0,1281;0,3641;0,4762;0,75;0,5556;0,1111
TEBET Akses 3 Mobil, Rumah Siap Huni;0,0773;0,1477;0,1085;0,125;0,2222;0,1111
Dijual Cepat rumah di Bukit Duri Tebet SHM;0,1016;0,4111;0,1679;0,25;0,3333;0
Dijual Rumah Tebet Timur Lokasi Premium Nyaman Dekat Taman Honda Jalan 1 Mobil;0,0328;0,1289;0,0364;0,125;0,2222;0
Dijual Rumah Second Siap Huni Strategis di Tebet Jaksel;0,0938;0,317;0,0951;0,25;0,2222;0,1111
Rumah Tua Hitung Tanah di menteng Dalam Tebet;0,375;0,4581;0,584;0,375;0,2222;0,5556
Dijual Rumah di Tebet;0,1563;0,2041;0,2155;0,125;0,2222;0,1111
Rumah baru siap huni di tebet jakarta selatan;0,0523;0,1101;0,0579;0,25;0,2222;0,1111
Rumah Di Asem Baris, Tebet;0,375;0,2747;0,7541;0,375;0,3333;0,3333
Rumah Cantik Menawan Siap Huni Di Tebet Timur Jakarta Selatan;0,0516;0,1759;0,075;0,375;0,2222;0,1111
TEBET Rumah Mewah Siap Huni Lingkungan Aman dan Nyaman;0,1219;0,317;0,1308;0,5;0,5556;0,1111
3 Bedrooms House Tebet, Jakarta Selatan, DKI Jakarta;0,1875;0,1439;0,2452;0,125;0,2222;0,1111
Di Jual Rumah Brand New Di Tebet;0,0578;0,1759;0,0713;0,25;0,2222;0,1111
TEBET Rumah Baru Siap Huni Jalan Dua Mobil Lebar Dekat Jalan Raya;0,0969;0,1759;0,0795;0,125;0,2222;0,1111
Dijual Cepat Rumah Minimalis Modern siap huni Di Kebon Baru, Tebet Jakarta Selatan;0,0391;0,1214;0,049;0,375;0,3333;0,1111
TEBET Rumah Mewah dan Terawat Lokasi Premium Akses Mudah Jalan Tiga Mobil;0,1078;0,2982;0,127;0,375;0,2222;0,1111
TEBET MENTENG DALAM - Rumah Cantik, Minimalis, SHM;0,0281;0,0818;0,0364;0,125;0,2222;0,1111
TEBET DALAM - Rumah Brand New Minimalis SHM;0,025;0,063;0,0156;0,125;0,2222;0
Rumah Siap Huni di Tebet Timur 1, Jalan Lebar 3 Mobil;0,0766;0,1759;0,11;0,375;0,3333;0,1111
Rumah Tebet Timur Hitung Tanah 338m2;0,0914;0,1468;0,211;0,375;0,2222;0,2222
Rumah Baru, Di Asembaris, Kebon Baru Tebet, Jakarta Selatan;0,0547;0,2465;0,1278;0,5;0,3333;0
Rumah Layak Huni Di Tebet Jual Cpt Jalan 1 Mobil 30m Dari Jln Besar;0,025;0,0536;0,0713;0,125;0,1111;0
Rumah Baru Renovasi Siap Huni Teebet (Best Price);0,0312;0,0724;0,0639;0,375;0,2222;0
Rumah Cantik Brand New 3 lantai siap huni;0,0625;0,1101;0,0542;0,375;0,3333;0,1111
Rumah hoek di Tebet Barat;0,0469;0,1289;0,0602;0,625;0,3333;0,1111
Rumah brand new siap huni di Tebet Timur;0,0391;0,0818;0,0431;0,25;0,3333;0
The Classic Luxury House With Pool @Brand New near Cassablanca Area, Palbatu, Jakarta Selatan;0,0797;0,2935;0,0565;0,375;0,3333;0,2222
Rumah Super Mewah Tebet Jakarta Selatan Harga Siap Nego;0,4531;0,6933;0,3299;0,375;0,4444;0,4444
Rumah Siap Huni di Jl. Tebet Utara;0,0859;0,1759;0,0944;0,75;0,3333;0,1111
Rumah Minimalis Tebet Dekat Jalan 2 Mobil;0,043;0,0818;0,0431;0,125;0,4444;0,1111
Rumah Minimalis Tebet 2 Lantai Dekat Pusat Bisnis Tebet, Jaksel;0,0828;0,1289;0,0587;0,25;0,2222;0,1111
Rumah Siap Huni Dalam Komplek Nyaman Tebet-Jakarta Selatan;0,2188;0,3923;0,2474;0,25;0,3333;0,2222
Rumah Minimalis Tebet 90 Meter, Dekat Jalan 2 Mobil;0,0258;0,0583;0,0267;0,125;0,3333;0,1111
Rumah Siap Huni Dengan Luas Tanah 360 Meter Jalan Lebar, Bebas Banjir Tebet-Jakarta Selatan;0,2734;0,6933;0,2273;0,375;0,6667;0,4444
Rumah Mediterania Jalan Lebar Lokasi Strategis Tebet Jakarta Selatan;0,2109;0,4111;0,188;0,125;0,3333;0,1111
Rumah Cantik Siap Huni Jalan Lebar Di Kawasan Premium Tebet, Jaksel;0,1211;0,27;0,11;0,25;0,4444;0,2222
Rumah Siap Huni Jalan 2 Mobil, Jarang Ada, Sertifikat Hak Milik;0,075;0,1289;0,0624;0,375;0,3333;0,1111
Rumah Siap Huni Di Tebet Timur, Jalan Lebar, Dengan Kolam Renang Outdoor;0,2188;0,1759;0,1902;0,25;0,4444;0,1111
Rumah Hitung Tanah Di Jalan Lebar, Kawasan Nyaman, Paling Murah!!;0,2188;0,317;0,3908;0,375;0,3333;0,2222
Rumah Di Jalan 1 Mobil Kawasan Nyaman Tebet Timur, Jakarta Selatan;0,0203;0,0348;0,0267;0;0,1111;0
Tebet Barat Rumah Bagus Siap Huni, jakarta Selatan;0,0461;0,1289;0,0832;0,25;0,3333;0,2222
Tebet Rumah Lama Murah, Jakarta Selatan;0,0273;0,0536;0,0602;0,125;0,1111;0
Tebet Barat Rumah Murah Strategis Area, Jakarta Selatan;0,0352;0,1769;0,0684;0,75;0,7778;0,1111
Rumah Cantik Siap Huni;0,0248;0,1007;0,0163;0,125;0,2222;0,1111
Regensi Tebet Mas;0,0547;0,0724;0,0639;0,375;0,3333;0,1111
Rumah bagus SIAP HUNI Akses Jalan 2 Mobil One Way di Tebet Timur;0,0547;0,1289;0,0698;0,375;0,3333;0,1111
5 Bedrooms House Tebet, Jakarta Selatan, DKI Jakarta;0,0961;0,1759;0,0802;0,375;0,2222;0,1111
Rumah Bagus 2 Lt Akses Jalan Lebar di Tebet Utara, Jakarta Selatan;0,0859;0,1712;0,0527;0,25;0,2222;0,2222
Rumah mewah siap huni di tebet barat jakarta selatan;0,0898;0,27;0,1159;0,25;0,3333;0
Rumah Tebet Barat Dalam LT480 Jakarta Selatan;0,3438;0,3923;0,4056;1;0,3333;0,1111
Rumah Siap Huni di Tebet Timur 1, Jalan Lebar 3 Mobil;0,0859;0,1289;0,1248;0,5;0,1111;0,1111
Rumah di Tebet Utara Jalan 2 Mobil, Lingkungan Nyaman dan Lokasi Strategis Akses Mudah Dijangkau;0,0406;0,1007;0,0684;0,25;0,2222;0
Dijual Rumah Mewah 2 Lantai di Tebet Barat, Jalan 3 Mobil, Lingkungan Nyaman dan Aman;0,1219;0,317;0,1308;0,5;0,5556;0,1111
TEBET TIMUR LT 135 M2 - Rumah Termurah, Hitung Tanah Saja;0,0141;0,0677;0,0602;0,125;0,2222;0,1111
Rumah Mewah Brand New Jalan Utama Tebet Timur Dalam;0,4375;0,8627;0,4591;0,375;0,5556;0,3333
Rumah Termurah di Tebet Barat Jakarta Selatan;0,0242;0,0818;0,0267;0,25;0,3333;0,1111
Rumah Baru di Tebet Barat Jakarta Selatan;0,0359;0,0536;0,0267;0,375;0,3333;0,1111
TEBET Rumah Siap Huni Desain Rumah Rumah Bagus dan Nyaman;0,0328;0,1289;0,0267;0,125;0,2222;0
TEBET BARAT Rumah Siap Huni Lokasi Premium Jalan Tiga Mobil;0,0773;0,1477;0,1085;0,375;0,3333;0
TEBET Rumah Siap Huni Lokasi Sangat Bagus Aman dan Nyaman JARANG ADA;0,0797;0,1759;0,1114;0,375;0,2222;0,1111
TEBET Rumah Baru Siap Huni Lokasi Premium Nyaman Untuk Tempat Tinggal;0,0344;0,0818;0,0245;0,25;0,2222;0,1111
TEBET Rumah Siap Huni Kondisi Relatif Baru;0,0234;0,0724;0,0178;0,25;0,2222;0
Brand New Townhouse Mewah Di Dekat Patra Kuningan;0,1797;0,5052;0,1144;0,25;0,4444;0,3333
Rumah Besar,Siap Huni Di Tebet Jakarta Selatan;0,1094;0,0837;0,1308;0,125;0,2222;0
Rumah Lama Hitung Tanah Supomo Tebet Jakarta Selatan;0,125;0,1289;0,1308;0,5;0,2222;0,1111
Di Jual Di Bawah Harga Pasaran Rumah Siap Huni Di Tebet Timur Jaksel;0,0469;0,1101;0,075;0,25;0,2222;0,1111
Dijual rumah di tebet jakarta selatan strategis dekat jl. mt. haryono;0,043;0,1289;0,0602;0,375;0,2222;0,2222
Dijual Murah Rumah Mewah di Tebet Utara Jakarta Selatan;0,3281;0,9567;0,4198;0,625;0,5556;0,3333
Rumah murah asem baris;0,0172;0,0913;0,049;0,5;0,2222;0
Rumah tebet;0,1203;0,0913;0,1538;0,25;0,3333;0,1111
Di Jual Rumah Cantik di TEBET;0,0391;0,1618;0,0639;0,375;0,3333;0
Rumah pinggir jalan, Asem baris , Tebet , Jakarta Selatan;0,0703;0,1007;0,1605;0,5;0,2222;0
Dijual rumah baru minimalis di Di Tebet Jakarta Selatan;0,0391;0,0536;0,0238;0,375;0,3333;0
Rumah Onprogress 2,5 Lantai Di Asem Baris Tebet Dekat Station Cawang;0,0234;0,1289;0,0342;0,125;0,2222;0,1111
Tebet Rumah Jalan 2 Mobil Harga Menarik;0,0406;0,1007;0,0684;0,25;0,2222;0,1111
Dijual Cepat Rumah Di Kebon Baru, Tebet;0,0219;0,079;0,0743;0,125;0,1111;0
Dijual Cepat Rumah Bagus Di Tebet;0,5781;0,4111;0,4948;0,5;0,5556;0,2222
Rumah Asri Dijual Cepat Di Tebet;0,0609;0,1091;0,0773;0,25;0,3333;0,1111
Rumah Asri Di Tebet Dijual Cepat;0,0352;0,1759;0,0676;0,75;0,7778;0,1111
Rumah Asri Di Tebet, Dijual Cepat;0,1406;0,5052;0,1872;0,5;0,4444;0,2222
Rumah Dijual Di Tebet;0,1797;0,1759;0,1003;0,5;0,3333;0,1111
Rumah Dijual Di Tebet;0,0703;0,1289;0,0713;0,375;0,2222;0
Rumah Asri Di Tebet;0,0781;0,0818;0,078;0,375;0,3333;0,1111
Rumah Di Tebet, Dijual Cepat;0,0625;0,1289;0,0565;0,375;0,3333;0
Rumah Asri Di Tebet Dijual;0,0781;0,2606;0,0884;0,375;0,3333;0,1111
Rumah Dijual Di Tebet;0,0719;0,0875;0,1025;0,5;0,1111;0,1111
Rumah Asri Di Tebet - Dijual Cepat;0,043;0,223;0,0936;0,375;0,2222;0,1111
Rumah Asri Di Kebon Baru, Tebet - Dijual Cepat;0,0719;0,1759;0,127;0,375;0,2222;0,1111
Rumah Asri Di Tebet - Dijual Cepat;0,0344;0,0818;0,0193;0,375;0,2222;0
Dijual Rumah Minimalis Siap Huni Daerah Tebet, Jakarta Selatan;0,0234;0,0724;0,0171;0,125;0,2222;0
Dijual Rumah Lama Layak Huni Daerah Tebet , Jakarta Selatan;0,1391;0,1289;0,2125;0,25;0,3333;0
Rumah baru tebet timur;0,0438;0,1289;0,0565;0,125;0,2222;0,1111
Dijual Rumah Komplek Tebet Barat Lokasi Premium Nyaman Jalan Lebar;0,1328;0,223;0,2333;0,25;0,2222;0,2222
Dijual Rumah Komplek Gudang Peluru Lokasi Premium Nyaman Jalan 3 Mobil;0,1406;0,27;0,1627;0,25;0,2222;0,3333
Dijual Rumah Cantik Tebet Lokasi Premium Nyaman Jalan 2 Mobil;0,1797;0,3782;0,2199;0,5;0,5556;0,1111
Rumah Tua Hook di Tebet, Jakarta Selatan. Akses Mobil dan Ada Garasi;0,0266;0,0677;0,0713;0,25;0,1111;0,2222
Tebet barat rumah modern minimalis private pool, jakarta selatan;0,1375;0,317;0,1441;0,375;0,4444;0,2222
TEBET BARAT RAYA Rumah Hitung Tanah Cocok Tinggal, Kantor dan Usaha, Bisa Belah 2 Dekat Taman Honda;0,1641;0,317;0,1828;0,875;0,5556;0,5556
Rumah Siap Huni di Tebet Dalam IV, Jln 1 Mobil Dekat ke 3 Mobil, Sudah Sertifikat;0,025;0,0536;0,0654;0,25;0,1111;0
Dijual Cepat Rumah Kavling di Tebet Ready 3 Unit;0,0328;0,0536;0,0238;0,375;0,3333;0,1111
Rumah Tebet Saharjo;0,057;0,2418;0,0602;0,5;0,4444;0
Rumah Cantik Tebet;0,1211;0,1759;0,1085;0,25;0,3333;0,1111
Dijual Rumah Cantik Tebet Brand New Lokasi Premium Nyaman Jalan Lebar;0,0969;0,1759;0,0795;0,125;0,2222;0,1111
Dijual Rumah Lama Tebet Dalam Lokasi Strategis Tenang Jalan 2 Mobil;0,1094;0,1759;0,1828;0,125;0,2222;0,1111
KEBON BARU Rumah Hitung Tanah Jalan Dua Mobil Lingkungan Nyaman;0,0625;0,1759;0,2088;0,625;0,4444;0
TEBET - SIAP HUNI di Jalan 2 Mobil;0,1172;0,1853;0,1501;0,375;0,4444;0,1111
Rumah Komersial area Tebet Raya;0,4219;0,8815;0,5357;0,375;0,2222;0,4444
Rumah Tebet Siap Huni Kompleks Gudang Peluru Tebet;0,1328;0,317;0,2162;0,375;0,2222;0
Dijual Rumah Second Akses 1 Mobil di Tebet Dalam Jakarta Selatan;0,0438;0,1289;0,0639;0,25;0,2222;0
Rumah Minimalis Jalan 1 Mobil Tebet;0,0258;0,0583;0,0267;0,125;0,2222;0,1111
Dijual Rumah Cantik Tebet Lokasi Strategis Nyaman Jalan 2 Mobil;0,1719;0,1571;0,1412;0,375;0,3333;0,2222
Rumah Hitung Tanah di Komplek Kejaksaan Tebet Barat, Belakang Gelael, Dekat Pintu Tol MT Haryono;0,0359;0,1007;0,0743;0,375;0,2222;0,1111
Rumah di Tebet Timur Dalam I, Jln Besar 3 Mobil, Seberang Electronic City, Lebar Muka 8 Meter;0,0453;0,1853;0,0684;0,125;0;0
Rumah Tua Akses Jalan 2 Mobil Di Tebet Barat Jakarta Selatan;0,1063;0,1289;0,1478;0,25;0,2222;0,2222
Rumah Brand New Di Tebet Barat;0,0578;0,1289;0,0713;0,25;0,3333;0,1111
For Sale Boarding House at Tebet & Furnished HSE-A0494;0,1016;0,3584;0,1085;1;1;0,1111
Rumah Lama Di Tebet Barat;0,2344;0,317;0,2571;0,375;0,3333;0,3333
Jual Segera, Rumah Hitung Tanah Di Tebet Dalam;0,025;0,0536;0,0654;0,125;0,1111;0
rumah siap huni dalam kompleks Tebet Mas, Tebet, Jakarta Selatan;0,1875;0,1759;0,1991;0,25;0,2222;0,1111
Rumah 100% Baru Di Tebet, Murah, Jalan 2 Mobil, Tebet, Jakarta Selatan;0,0547;0,1759;0,0312;0,25;0,4444;0,1111
rumah siap huni di lokasi kebon baru, tebet, jakarta selatan;0,0445;0,1289;0,0981;0,125;0,1111;0,1111
Rumah siap huni dijual, murah, tebet, Jakarta Selatan;0,0141;0,0583;0,0587;0,125;0,2222;0
Di Jual Cepat Rumah Di Tebet;0,2188;0,4111;0,2452;0,25;0,2222;0,2222
Rumah tua hitung tanah di Tebet Timur;0,1094;0,0988;0,1241;0,375;0,2222;0,1111
Rumah Bagus Dalam Kompleks Prime Tebet;0,2188;0,3923;0,2407;0,375;0,3333;0
Minimalis Jalan 1 Mobil Tebet Dekat Sekolah 115;0,0266;0,0583;0,0267;0,125;0,2222;0,1111
Tebet Rumah Mewah, Design Klasik, Siap Huni;0,2656;0,6933;0,2281;0,375;0,3333;0
Minimalis Baru Jalan 2 Mobil Tebet Timur;0,0547;0,1759;0,0312;0,375;0,3333;0
Rumah Siap Huni Tebet;0,0859;0,1289;0,1248;0,25;0,1111;0
Rumah Lama Tebet Timur;0,0469;0,1289;0,0684;0,125;0;0
Rumah Baru, Mewah & Strategis Di Tebet Barat, JakSel;0,0469;0,0818;0,049;0,25;0,2222;0
Rumah bagus layout nyaman banyak bonus, harga bagus di Tebet;0,0469;0,1759;0,0602;0,25;0,4444;0
Dijual Rumah Siap Huni di Tebet, Jakarta Selatan;0,125;0,3829;0,2221;0,875;0,5556;0,2222
Tebet Timur Rumah Lama;0,1016;0,1289;0,1738;0,25;0,1111;0
Rumah Model Villa Taman Lebar Di Tebet Jaksel;0,0703;0,1289;0,2972;0,125;0,3333;0
Dijual Rumah Secondary Luas di tebent Lokasi Strategis;0,3438;0,27;0,3796;0,375;0,2222;0,3333
Dijual Rumah Mnmls Ada Mini Swpool Tebet Jaksel;1;0,223;0,1085;0,375;0,6667;0,3333
Rumah Tebet Barat;0,1133;0,317;0,1308;0,5;0,3333;0,1111
Rumah Rasamala Turun Harga Rmh Siap Huni Blkg Bidakara Jaksel;0,1172;0,223;0,1122;0,25;0,3333;0,3333
Dijual Rumah 2 Lt Tebet Jaksel, Jl 2 Mobil;0,1523;0,1289;0,1003;0,375;0,3333;0,2222
Dijual rumah di Kebun Baru, Tebet Jakarta Selatan;0,0228;0,096;0,0602;0,25;0,2222;0
TEBET, LAPANGAN ROS, BUKIT DURI, JAKARTA SELATAN;0,0391;0,0583;0,0736;0,125;0,1111;0
House mewah tebet;0,4531;0,7074;0,1917;1;0,6667;0
Dijual Rumah Komplek Gudang Peluru Lokasi Premium Nyaman Jalan 2 Mobil;0,0703;0,2041;0,1204;0,25;0,2222;0,2222
Dijual Rumah 2lantai Di Tebet Barat Dalam Strategis Dekat Perkantoran;0,1406;0,223;0,2333;0,25;0,3333;0,3333
Rumah tebet timur raya, depan taman tebet;0,3891;0,5052;0,7318;0,625;0,4444;1
Rumah Siap Huni Tebet Timur;0,0312;0,0367;0,0357;0,125;0,2222;0,1111
Turun Harga Rumah Mewah Tebet Jakarta Selatan;0,0765;0,27;0,0565;0,5;0,5556;0,2222
Cluster Cipinang Mal Bassura;0,0351;0,0536;0,0728;0,25;0,3333;0,3333
Rumah Siap Huni Tebet;0,0742;0,2418;0,0958;0,5;0,2222;0,2222
Tebet Rumah Bagus Dijual;0,0859;0,223;0,1181;0,375;0,3333;0,3333
Dijual rumah di tebet, jalan depan rumah 2 mobil, dekat dari jalan raya;0,0859;0,1477;0,0944;0,75;0,5556;0
4 Bedrooms House Tebet, Jakarta Selatan, DKI Jakarta;0,0594;0,1759;0,0862;0,25;0,3333;0,2222
Rumah Model Minimalis jalan Lebar;0,2344;0,4111;0,2719;0,25;0,3333;0,3333
Tebet Dalam Rumah Siap Huni Dalam Komplek;0,1875;0,2982;0,1917;0,25;0,2222;0,1111
Rumah Siap Huni Dijual Jalan 2 Mobil;0,0938;0,1101;0,1701;0,25;0,2222;0,1111
4 Bedrooms House Tebet, Jakarta Selatan, DKI Jakarta;0,0281;0,1759;0,0267;0,25;0,2222;0,1111
Dijual Rumah Tebet Timur Raya Depan Taman Honda;0,3125;0,5174;0,4153;0,875;0,3333;0,1111
Dijual Rumah Tebet Lokasi Strategis Nyaman Depan Taman Jalan 1 Mobil;0,0516;0,0508;0,1122;0,25;0,2222;0,2222
Dijual Rumah Tebet Timur Lokasi Premium Nyaman Jalan 2 Mobil;0,0516;0,1289;0,0676;0,125;0,2222;0,1111
Dijual Rumah Hitung Tanah Asem Baris Raya Lokasi Strategis Aman Jalan Raya;0,0703;0,223;0,1575;0,5;0,3333;0,3333
Jual Rumah Di Tebet Jakarta Selatan;0,125;0,3829;0,2221;0,875;0,5556;0,2222
Rumah Bagus Akses Jalan 2 Mobil TERMURAH di Tebet Utara, Jaksel;0,0391;0,1195;0,0342;0,375;0,3333;0,1111
Rumah Megah SIAP HUNI TERMURAH di Tebet Timur, Jakarta Selatan;0,1875;0,317;0,2786;0,875;0,4444;0,4444
Rumah Siap Huni Di Asem Baris Kebon Baru Tebet Jakarta Selatan;0,0203;0,0913;0,0602;0,25;0,2222;0
Tebet rumah dijual jalan 2 mobil lebar lokasi strategis;0,0953;0,1289;0,1501;0,375;0,2222;0,2222
Rumah Siap Huni 2lantai Akses 2mbl Lokasi Tebet Barat;0,0469;0,0818;0,0342;0,125;0,2222;0
Rumah Siap Huni Akses jalan 2 mobil di asem baris tebet;0,0469;0,0762;0,0535;0,25;0,1111;0,2222
Dijual rumah tua perlu renovasi akses jalan 2mobil lokasi dekat lapangsn bola pspt;0,043;0,0818;0,0602;0,125;0,1111;0
Rumah Bagus Siap Huni Di Tebet Timur Dalam Jak Sel;0,0469;0,0818;0,0639;0,25;0,1111;0,1111
Rumah Mewah 3 Lantai Jalan Swadaya I Tebet ( FA);0,0781;0,3641;0,153;0,625;0,3333;0
Rumah Baru 2 Lt Dekat Taman dan Pasar Tebet Barat PALING MURAH di Tebet Barat, Jakarta;0,0242;0,0818;0,0267;0,25;0,3333;0,1111
Dijual Rumah Second Strategis Tanah Luas di Tebet;0,3438;0,27;0,3796;0,375;0,2222;0,3333
Rumah Clasic Asem Baris Tebet Jakarta Selatan Hitung Tanah Saja Setrategis Dekat Mt Haryono;0,1281;0,5522;0,4762;0,875;0,5556;0
Rumah lama hitung Tanah di Tebet;0,1016;0,1101;0,1478;0,125;0,1111;0
Rumah Tebet Hitung Tanah;0,207;0,27;0,2519;0,375;0,3333;0
Brand New House Di Lokasi Iconic Tebet;0,0469;0,1439;0,0602;0,375;0,3333;0,1111
Tebet Rumah Minimalis;0,0758;0,1477;0,0624;0,25;0,2222;0,1111
Rumah Minimalis Bagus Tebet Timur;0,0266;0,0913;0,0267;0,125;0,2222;0
Dijual Rumah Tebet Hitung Tanah Lokasi Strategis Jalan 1 Mobil;0,0352;0,1289;0,0765;0,625;0,2222;0
Rumah tebet jalan lebar nyaman keamanan 24 jam dekat kemana mana;0,1375;0,27;0,1434;0,25;0,2222;0,1111
Dijual Rumah Asri Komplek Tebet Mas Lokasi Premium Nyaman Jalan 2 Mobil;0,1719;0,27;0,136;0,25;0,2222;0,1111
Rumah dijual di Tebet Raya;0,2734;0,223;0,3462;0,375;0,3333;0,1111
Rumah Mewah Di Tebet Turun Harga Menjadi Rp 14,5 M, Ada Swimmung Pool;0,2109;0,4111;0,188;1;0,6667;0,1111
Rumah Di Jual Di Tebet;0,1125;0,223;0,153;0,25;0,3333;0,2222
Rumah Di Jual, Brand New, Tebet Barat;0,0266;0,0536;0,0282;0,125;0,2222;0,1111
Dijual Rumah minimalis di Bukit Duri, Tebet;0,0234;0,0546;0,0342;0,125;0,1111;0,1111
Rumah Hoek Tebet Jakarta Mewah, Lokasi Strategis Selangkah ke Masjid;0,1391;0,27;0,1456;0,375;0,2222;0,1111
Rumah Tebet Jakarta Selatan, depan Lapangan, Dijual Cepat Harga BU;0,05;0,2088;0,0788;0,375;0,5556;0
Rumah Di Tengah Pusat Bisnis Dekat Jalan Gatot Subroto Jaksel;0,1406;0,2728;0,3574;1;1;0,6667
Rumah Dalam Komplek Di Gudang Peluru - Tebet Blok N348;0,0625;0,1477;0,1211;0,125;0,2222;0
Tebet, Siap Huni, jalan 2 mobil;0,0516;0,1759;0,0267;0,25;0,3333;0,1111
Rumah 2 Lantai Lokasi Strategis Akses 2 Mbl Asem Baris Tebet;0,0313;0,1759;0,0527;0,125;0,1111;0
Rumah Lama Layak Huni Akses 2 Mbl Lapangan Ros Tebet Jaksel;0,0313;0,063;0,0862;0,25;0,2222;0
Rumah Baru Design Modern Posisi Hook Lokasi Tebet Timur;0,0375;0,1007;0,0416;0,25;0,3333;0,1111
rumah baru 2lantai siap huni akses jalan 1mobil lokasi tebet timur;0,0344;0,0818;0,0267;0,125;0,1111;0
Rumah Siap Huni Akses 1mobil Lokasi Tebet Timur;0,0313;0,0818;0,0416;0,25;0,2222;0,1111
Rumah Baru Siap Huni Semi Furnish Akses 1mobil Lokasi Tebet Utara;0,0344;0,1383;0,0275;0,375;0,2222;0
Dijual rumah baru Lokasi tbt timur;0,0359;0,0818;0,0267;0,125;0,1111;0
Rumah Siap Huni Di Tebet, Lingkungan Nyaman;0,0734;0,1759;0,101;0,25;0,2222;0
Rumah Siap Huni Di Kebon Baru Jaksel;0,0172;0,1176;0,0527;0,5;0,3333;0
Di jual Rumah di tebet;0,0469;0,0245;0,0899;0,125;0,2222;0,1111
good house at jaksel tebet;0,0188;0,0536;0,1233;0,375;0,2222;0
goood house at jakarta selatan tebet;0,1172;0,1609;0,1828;0,375;0,3333;0
Jual Cepat Rumah Di Tebet;0,1484;0,27;0,1434;0,375;0,4444;0,2222
Rumah Tebet Dekat Mall Kokas BU Harga Covid;0,014;0,0818;0,0602;0,25;0,1111;0
Rumah Tebet Barat Dalam Jakarta Selatan;0,125;0,3161;0,2452;0,125;0,2222;0
Dijual Termurah Rumah Siap Huni di Tebet Utara Jakarta Selatan;0,0391;0,1101;0,0342;0,375;0,3333;0
TEBET MAS Rumah Nyaman Dalam Komplek Elit Dekat Taman JARANG ADA;0,1875;0,1759;0,1991;0,25;0,2222;0,1111
Dijual Rumah di Tebet Utara, akses 2 mobil, Jakarta Selatan;0,1063;0,0913;0,1538;0,125;0,3333;0,1111
Dijual Rumah Tebet Barat Lokasi Premium Tenang Jalan Lebar;0,1094;0,1289;0,11;0,375;0,2222;0,2222
Dijual Murah Rumah Mewah di Tebet Utara Jakarta Selatan;0,1094;0,3641;0,1872;0,375;0,3333;0
Rumah Lama Layak Huni Tebet Jak Sel;0,0297;0,0254;0,0602;0;0;0
Rumah Siap Huni Baru Renovasi Di Tebet Utara Jak Sel;0,0234;0,0395;0;0,125;0,1111;0
Rumah Siap Huni Model Minimalis Di Tebet Jakarta Selatan;0,025;0,1101;0,0305;0,25;0,1111;0
TEBET - Bagus Untuk Investasi di Jalan 1 Mobil;0,0266;0,0536;0,0654;0,125;0,1111;0
Rumah dijual di Tebet;0,0766;0,2606;0,0594;0,375;0,3333;0,2222
Rumah huk di Tebet jalan satu mobil lebar;0,0313;0,1759;0,0713;0,125;0,2222;0,1111
Rumah baru di Tebet Barat dekat jalan dua mobil;0,0391;0,0913;0,0475;0,25;0,3333;0,1111
Rumah di Tebet Barat bagus terawat dekat fasum;0,0344;0,0611;0,0624;0,125;0,1111;0
TEBET - Siap Huni, Bagus, Akses 2 Mobil;0,0672;0,1289;0,0676;0,125;0,2222;0,1111
TEBET - Depan Taman, Baru, Jalan 2 Mobil;0,0859;0,1477;0,0713;0,125;0,2222;0
Jual Cepat Rumah Di Casablanca Jakarta Selatan;0,0781;0,223;0,1709;0,625;0,2222;0,2222
Rumah Baru dijual di Tebet Barat, lokasi strategis;0,0391;0,1289;0,0602;0,125;0,2222;0,1111
Dijual Rumah Di Jl. Kebon Baru Utara, Tebet Jakarta Selatan;0,0278;0,1214;0,049;0,375;0,3333;0,1111
Rumah baru 100% bergaya mewah tebet Jakarta selatan;0,0438;0,0913;0,0825;0,25;0,2222;0
Dijual Rumah Baru Dengan Design Minimalis Di Tebet;0,0547;0,1054;0,0527;0,125;0,2222;0,1111
Dijual Rumah Brand New, Ada Taman, Lingkungan Tenang Di Tebet Barat;0,0859;0,27;0,1308;0,25;0,3333;0,1111
Dijual Rumah Dalam Komplek Elit Tebet Mas Lokasi Paling Premium di Tebet;0,0703;0,223;0,0639;0,125;0,2222;0,1111
Dijual Rumah di Tebet Utara, akses 2 mobil;0,1063;0,0913;0,1538;0,125;0,3333;0,1111
TERJUAL Rumah Di Bukit Duri Area Komersil;0,0453;0,0818;0,1456;0,25;0,1111;0,1111
DIJUAL CEPAT HARGA MURAH ( BU CEPAT) Rumah 700 m2 Di TEBET;0,1281;0,3641;0,4799;0,75;0,3333;0,3333
Dijual rumah siap huni 2lantai full strategis dekat kokas akes jalan2mobil lokasi menteng dalam;0,0188;0,0818;0,0208;0,375;0,1111;0,1111
Rumah Siap Huni Hanya 50m Dari Dan Ke Asem Baris Raya Tebet;0,0172;0,0348;0,0535;0;0,1111;0
Rumah Bagus Siap Huni Pinggir Jalan 2 Mbl Asem Baris Tebet;0,018;0,0536;0,0602;0,125;0,1111;0
Dijual rumah di Asem baris, Akses jalan 2 mobil;0,0156;0,0348;0,0423;0;0,1111;0
Rumah baru siap huni di tebet barat;0,0469;0,1439;0,0602;0,375;0,3333;0,1111
TEBET RAYA Rumah Layak Huni Dekan Stasiun;0,3281;0,27;0,2927;0,5;0,6667;0,1111
Dijual Rumah Komplek Tebet Lokasi Premium Tenang Jalan Lebar;0,1875;0,1439;0,2452;0,125;0,2222;0,1111
TEBET RAYA Jalan Lebar Cocok Untuk Resto dan Kantor;0,2188;0,1637;0,2474;0,375;0,3333;0,2222
TEBET RAYA AREA KOMERSIL Rumah Siap Huni Bisa Dibangun 4 Lantai;0,3281;0,223;0,3462;0,25;0,3333;0,1111
3 Bedrooms House Tebet, Jakarta Selatan, DKI Jakarta;0,0188;0,0536;0,0342;0,125;0,1111;0
Rumah Second Terawat Dan Setrategis Tebet Jakarta Selatan;0,3438;0,27;0,3796;0,375;0,2222;0,3333
Rumah tebet dekat mall kokas;0,0266;0,0677;0,0245;0,125;0,1111;0,1111
Rumah Baru di Jln Tebet Timur Jakarta Selatan;0,0562;0,1007;0,0609;0,375;0,3333;0,1111
Dijual Rumah 1,5 Lantai Di Tebet Dalam;0,3125;0,223;0,3314;0,25;0,2222;0,3333
Dijual Cepat Rumah Bagus di Tebet, Siap huni;0,0391;0,1007;0,0342;0,375;0,2222;0,2222
Dijual Rumah Baru di Tebet, Elite;0,0453;0,1091;0,0654;0,375;0,3333;0,1111
Dijual Brand New Rumah Tebet, Ada Swimming Pool;0,375;0,5992;0,4198;0,375;0,3333;1
Dijual Rumah Baru di Tebet, Jalan 1 mobil Lebar, Jakarta Selatan;0,0453;0,1091;0,0654;0,375;0,3333;0,1111
Dijual Rumah Elite di Tebet, Jakarta Selatan;0,0039;0,3923;0,1917;0,25;0,1111;0
Dijual Rumah Baru di Tebet, siap huni;0,0453;0,1571;0,0565;0,125;0,3333;0,2222
Dijual Rumah Cantik Tebet Lokasi Premium Nyaman Jalan Lebar;0,1719;0,1665;0,185;0,5;0,5556;0,3333
Rumah Nyaman Jalan Lebar Strategis Di Kebon Baru Dekat Stasiun Tebet;0,0625;0,1994;0,1159;0,5;0,4444;0,2222
Rumah 2 Lantai Luas Murah Strategis Di Kebon Baru Dekat Stasiun Tebet;0,0203;0,0818;0,0579;0,25;0,2222;0
Dijual Rumah Strategis Komplek Gudang Peluru Jakarta Selatan;0,1375;0,0931;0,214;0,375;0,2222;0,1111
Rumah Murah Di Tebet Jaksel;0,0906;0,4111;0,2779;0,375;0,3333;0,3333
Rumah 2 Lantai Di Tebet Barat, Blakang Perkantoran Mt Haryono;0,1563;0,5052;0,2504;0,625;0,4444;0,3333
Rumah Di Pinggir Jalan Tebet Barat Raya, SHM, Investasi Bagus;0,1641;0,27;0,2571;0,875;0,6667;0,5556
Dijual Cepat Rumah Tebet Barat Dalam Lokasi Strategis Jakarta Selatan;0,0406;0,063;0,081;0,125;0,1111;0,1111
Rumah Tebet Bebas banjir, dekat pintu tol;0,3359;0,5992;0,4131;0,5;0,3333;0
Rumah Mewah Dan Sangat Strategis Di Tebet;0,1328;0,2606;0,1382;0,625;0,3333;0,1111
Tebet Mas, lokasi OK depan taman;0,1875;0,1524;0,1991;0,25;0,2222;0,1111
Rumah Di tebet Barat;0,0391;0,0254;0,0416;0,125;0,2222;0
Rumah di tebet;0,0391;0,1759;0,0275;0,25;0,1111;0,1111
Rumah Murah Di Tebet Jakarta Selatan Baru ;0,0438;0,0856;0,0438;0,25;0,3333;0,2222
Rumah Siap Huni Di Tebet Lokasi Sangat Strategis Sekali;0,0281;0,1759;0,0267;0,125;0,2222;0
Dijual Rumah Mewah Terawat Di Daerah Tebet Hrg Menarik;0,1992;0,5052;0,2786;0,5;0,3333;0
Rumah Baru Tebet;0,0813;0,1477;0,0713;0,25;0,3333;0,1111
Dijual Rumah Asri, Tebet, Jakarta Selatan;0,0563;0,1289;0,0691;0,25;0,2222;0
Rumah Lama di tebet berada di pusat kota jakarta selatan;0,1719;0,2437;0,1991;0,25;0,2222;0,1111
di jual rumah bagus tebet;0,0234;0,0292;0,0178;0;0,1111;0,1111
Rumah Lama Tebet Dijual Cepet Dengan Lokasi Strategis;0,0234;0,0913;0,0602;0,125;0,1111;0,1111
Rumah Besar Bangunan Kokoh Siap Huni Di Kebon Baru Tebet Jak Sel;0,1281;0,3641;0,4799;0,75;0,3333;0,1111
Dijual rumah hitung tanah di tebet dalam komplek jalan lebar;0,0859;0,1449;0,1211;0,125;0,1111;0,1111
Rumah Di Tebet Timur, Jalan 1 Mobil, Dekat 2 mobil;0,05;0,0536;0,0661;0,5;0,2222;0,1111
Rumah Di Tebet Barat Dalam, Jalan 2 Mobil, Strategis;0,0703;0,1289;0,1241;0,375;0,1111;0,1111
Tebet rumah minimalis modern akses 2 mobil, jakarta selatan;0,0391;0,1195;0,0342;0,5;0,3333;0,1111
Rumah Dijual di Tebet Jakarta Selatan;0,0391;0,27;0,0342;0,25;0,3333;0,1111
Rumah murah dan strategis di tebet timur jakarta selatan;0,1016;0,0818;0,1738;0,375;0,2222;0
Rumah dua lantai di Tebet Barat Dalam Jakarta Selatan;0,0391;0,1618;0,0639;0,375;0,3333;0,1111
Rumah Siap Huni LT 170 M2 TERMURAH di Tebet Dalam, Jakarta Selatan;0,0391;0,1383;0,0862;0,5;0,1111;0,1111
Newly House dekat Taman Akses JALAN 2 MOBIl bentuk tanah NGANTONG di Tebet Barat;0,0617;0,1524;0,0416;0,375;0,3333;0,1111
Rumah Cantik 3 Lt Semi FURNISH di Tebet Utara;0,025;0,1383;0,0275;0,375;0,2222;0
Rumah siap huni di Tebet - RPA;0,1172;0,4581;0,2868;0,75;0,4444;0,4444
Brand New Rumah Soho Tebet;0,1211;0,1101;0,0617;0,25;0,3333;0,1111
Rumah Brand New Siap Huni Tebet Timur Dalam, Dekat Pspt;0,0453;0,1289;0,0565;0,125;0,2222;0
Di jual rumah siap huni model classic di tebet menteng dalem jakarta selatan;0,0797;0,3076;0,0565;0,625;0,5556;0,2222
Rumah Cantik Tebet Jaksel. Dekat Cbd Kuningan Dan Mal Kokas;0,0234;0,0818;0,0267;0,125;0,1111;0
Dijual Rumah Siap Huni di Tebet Jakarta Selatan;0,0391;0,27;0,0342;0,25;0,3333;0,1111
Rumah Klasik SUPER MEWAH Semi Furnished Tebet Timur, Jakarta Selatan;0,4672;0,8815;0,4577;0,75;0,5556;0,3333
Rumah Tua HITUNG TANAH TERMURAH di Area Komersial Jl. Johar, Menteng;0,8438;0,317;0,7585;0,25;0,2222;0,3333
Rumah Tua Strategis Dijual Hitung Tanah Di Tebet, Jakarta Selatan;0,0391;0,1524;0,2273;0,25;0,1111;0
Dekat Rumah Sakit Tebet Dan Gelael;0,0391;0,1289;0,0676;0,75;0,7778;0,2222
TEBET Rumah Jual Hitung Tanah Jalan Tiga Mobil Lebar;0,0547;0,0818;0,1085;0,125;0,1111;0,1111
Rumah Lama Di Prime Area Tebet, Komersial;0,8438;1;0,8692;0,25;0,3333;0,1111
Rumah Di Area Komersial Tebet Raya;0,3281;0,223;0,3462;0,25;0,3333;0,2222
Rumah Cantik Brand New, Tersisa 2 Unit;0,0344;0,0818;0,0238;0,375;0,3333;0,1111
TEBET - Rumah Baru, Design Menarik di Tengah Kota Jakarta;0,0859;0,223;0,0884;0,25;0,3333;0,1111
Rumah di Tebet Timur Jalan 1 Mobil Lebar, Luas Tanah 135 m2;0,0141;0,063;0,0602;0,375;0,1111;0
TEBET - Sangat Terawat, Area Tenang di Depan Taman;0,078;0,27;0,1233;0,375;0,4444;0,1111
DIJUAL Cepat Rumah Baru Siap Huni Full Furnish, Tebet Barat;0,0703;0,223;0,0884;0,25;0,3333;0,1111
Tebet rumah mewah prime lokasi, jakarta selatan;0,2422;0,6933;0,2281;0,625;0,4444;0,5556
Rumah luas kolam renang di Tebet Jakarta Selatan;0,3438;0,5992;0,4198;0,375;0,4444;1
Rumah jual tebet jl 2mobil 4. 5mly;0,0547;0,1759;0,0639;0,375;0,3333;0,1111
Dijual Rumah Tebet Barat Lokasi Premium Tenang Jalan 1 Mobil;0,0391;0,0818;0,0602;0,125;0,2222;0,1111
Dijual Rumah Baru Siap Huni Depan Taman Tebet;0,0781;0,1477;0,0713;0,25;0,3333;0,1111
Rumah baru 100%, Tebet, Jakarta Selatan;0,0406;0,0856;0,0416;0,125;0,2222;0,1111
4 Bedrooms House Tebet, Jakarta Selatan, DKI Jakarta;0,0516;0,1101;0,0602;0,25;0,3333;0,1111
TEBET Rumah Mewah Terawat Dekat Jalan Soepomo;0,1078;0,2982;0,127;0,375;0,3333;0,1111
Dijual Rumah Di Asem Barus Tebet;0,4063;0,27;0,7541;0,25;0,3333;0,4444
Dijual Rumah Di Barat Asem Baris,Kebun Baru;0,0625;0,2418;0,0713;0,375;0,4444;0,2222
Rumah Didalam Kompleks Tebet;0,0609;0,2041;0,0862;0,375;0,3333;0,2222
Dijual Rumah Tebet Depan Taman Asri Jalan Muat 2 Mobil;0,0422;0,063;0,0565;0,125;0,2222;0,1111
Rumah Tebet Asam Baris;0,0297;0,0913;0,0788;0,125;0,2222;0
Rumah Tebet Barat;0,0422;0,1054;0,026;0,125;0,2222;0,1111
Dijual Rumah Hitung Tanah Tebet Timur Lokasi Strategis Jalan 1 Mobil;0,0406;0,0348;0,0936;0,25;0,1111;0
Dijual Rumah Hitung Tanah Tebet Utara IV;0,0208;0,016;0,0267;0;0,1111;0
Rumah Mewah Brand New Di Menteng Dalam Tebet Jakarta Selatan;0,375;0,778;0,1612;0,375;0,5556;0,2222
TEBET - Rumah Bagus, Jalan 1 Mobil, Siap Huni;0,0859;0,1994;0,0713;0,25;0,4444;0
TEBET - RUMAH BARU, Design Bagus;0,0859;0,1947;0,0639;0,125;0,2222;0,3333
Tebet-Area Komersi, Jalan 3 Mobil Lebar;0,3281;0,223;0,3462;0,375;0,3333;0,2222
TEBET - SIAP HUNI, Jalan 1 Mobil;0,0289;0,0367;0,0312;0,125;0,1111;0,1111
TEBET - RUMAH BARU, Jalan 3 Mobil Lebar;0,4531;0,7874;0,4591;0,375;0,5556;0,3333
rumah second tebet;0,375;0,27;0,3796;0,25;0,3333;0,3333
Rumah Hitung Tanah Di Gudang Peluru;0,0469;0,1232;0,104;0,125;0,2222;0
Dijual Rmh Secont Tebet;0,0781;0,1759;0,0646;0,25;0,3333;0,2222
Rumah Dekat Pusat Kota Selangkah Menuju Terminal Kampung Melayu, Stasiun Tebet Dan Kota Casablanca;0,025;0,079;0,0743;0,25;0,2222;0
Rumah baru 2 lantai di Tebet timur;0,0391;0,1007;0,0431;0,125;0,3333;0,1111
Di Jual Rmh Tbt Siap Huni;0,1797;0,5052;0,1144;0,25;0,4444;0,2222
Rumah bagus dekat taman dan pasar pspt siap huni acces mudah kemana saja;0,0461;0,1853;0,0587;0,375;0,4444;0,1111
Rumah Tebet Timur Dalam;0,0203;0,0348;0,0639;0,125;0,1111;0
Jual Rumah 2 Lantai Di Tebet Jakarta Selatan;0,0469;0,1439;0,0602;0,375;0,3333;0
Rumah Mewah Siap huni Tebet;0,4375;0,7874;0,4591;0,375;0,5556;0,3333
For Sale British Tuscan House At Tebet Mas, Jaksel;0,5625;0,4111;0,4948;0,375;0,4444;0,1111
Hunian Nyaman Di Gudang Peluru;0,1094;0,3001;0,26;0,5;0,2222;0
Rumah Siap Huni 2 Lantai,Lokasi Strategis Menteng Dalam Tebet Jaksel;0,0625;0,1101;0,0542;0,25;0,3333;0,1111
TEBET Rumah Lama Hitung Tanah Bangunan Masih Layak Huni;0,0969;0,1289;0,1501;0,375;0,2222;0,1111
Rumah Mewah Dijual Tebet Jakarta Selatan;0,2578;0,6933;0,2311;0,375;0,3333;0,5556
Dijual rumah mewah tebet barat;0,2156;0,4111;0,1902;0,25;0,3333;0,3333
Rumah Tebet segera jual;0,043;0,1251;0,1055;0,625;0,4444;0,1111
Rumah Baru Lux siap huni strategis di Menteng Dalam Tebet Jakarta Selatan;0,0813;0,3076;0,0565;0,625;0,5556;0,2222
5 Bedrooms House Tebet, Jakarta Selatan, DKI Jakarta;0,0469;0,1289;0,0788;0,375;0,3333;0,1111
Tebet Barat Rumah Full Furnished, Jakarta Selatan;0,0813;0,1769;0,0639;0,375;0,3333;0,4444
Dijual Rumah Pinggir Jalan Di Asem Baris Tebet Jakarta Selatan;0,1094;0,1778;0,1085;0,25;0,2222;0,1111
Dijual Rumah Mewah Lokasi Strategis Di Tebet Barat Jakarta Selatan;0,1219;0,317;0,1308;0,375;0,4444;0,2222
Rumah Siap Huni Di Tebet Jakarta Selatan;0,0344;0,0818;0,0193;0,375;0,4444;0
Dijual Rumah Tebet Raya Lokasi Premium Area Komersial Jalan Raya;0,2734;0,223;0,3462;0,25;0,2222;0,2222
TEBET TIMUR - RUMAH MEWAH CLASSIC MODERN;0,2734;0,6933;0,2281;0,375;0,3333;0,3333
Dijual Rumah Lux Tebet Jakarta Selatan;0,2344;0,0724;0,1426;0,5;0,5556;0
Rumah Jual Hitung Tanah, Tebet Timur;0,0781;0,1665;0,1382;0,25;0,3333;0,2222
Rumah Dijual Hitung Tanah Di Tebet Barat;0,1181;0,2267;0,1857;0,125;0,1111;0,2222
TEBET - Rumah Bagus, Terawat, Dekat ke Kuningan;0,0563;0,143;0,0602;0,875;0,7778;0,1111
TEBET - Siap Huni;0,0578;0,1496;0,0676;0,25;0,2222;0,1111
Dijual Rumah Siap Huni BU di Kebon Baru Tebet Jakarta Timur;0,0234;0,096;0,0602;0,25;0,2222;0
Dijual Rumah Cantik Tebet Lokasi Premium Nyaman Jalan 2 Mobil;0,1172;0,1853;0,1501;0,25;0,2222;0,3333
Rumah Jl. Rasamala Menteng Dalam, Hitung Tanah;0,0641;0,1289;0,1865;0,375;0,1111;0,2222
Dijual rumah second Tebet Jakarta Selatan berada dalam lingkungan aman;0,1094;0,2512;0,1382;0,375;0,4444;0,2222
Dijual Rumah Di Kebon Baru Tebet;0,0465;0,2465;0,1278;0,5;0,4444;0
Rumah tebet timur dalam;0,075;0,2606;0,0884;0,375;0,3333;0,1111
Rumah Mewah Siap Huni Di Tebet;0,0703;0,3358;0,1159;0,5;0,4444;0,1111
Rumah Asri Dan Sangat Strategis Di Tebet;0,0547;0,0536;0,0743;0,5;0,3333;0
Rumah Tebet utara;0,0266;0,0292;0,0178;0,125;0,1111;0
Rumah Second Fully Furnish Siap Huni Turun Harga BU Di Menteng Dalam Tebet Jakarta Selatan;0,0516;0,1101;0,0542;0,25;0,3333;0,1111
Dijual Rumah Minimalist Modern 3lnt Tebet;0,0422;0,0818;0,0267;0,25;0,3333;0,2222
Dijual Rumah 2 Lnt Tebet;0,0438;0,1289;0,0565;0,25;0,3333;0,1111
Dijual rumah kos tebet;0,025;0,1289;0,0602;1;0,2222;0,1111
Dijual Rumah Kondisi Layak Huni Tebet;0,05;0,317;0,127;0,375;0,3333;0,1111
Tebet Timur Area Tenang dan Nyaman;0,025;0,0536;0,0267;0,125;0,1111;0
Rumah Siap Huni Tebet Barat;0,3281;0,317;0,4428;0,625;0,3333;0,3333
Rumah Mewah di Tenet;0,1141;0,1853;0,1872;0,25;0,2222;0
TERJUAL TEBET Rumah Terawat Siap Huni Dekat dari Jalan Besar;0,0311;0,0931;0,0758;0,375;0,3333;0,1111
TEBET Rumah Siap Huni Buatan Arsitek;0,0344;0,0913;0,0267;0,125;0,2222;0,1111
TEBET Rumah Siap Huni Buatan Arsitek;0,0281;0,0818;0,0267;0,25;0,2222;0,1111
Rumah Di Tebet Lokasi Strategis;0,1016;0,27;0,1456;0,375;0,3333;0
Rumah di Tebet Hanya 200 m dari MT Haryono;0,0781;0,2183;0,2214;0,5;0,3333;0,4444
Rumah Di Tebet Lingkungan Mewah Dan Akses Mudah;0,1953;0,317;0,2793;0,875;0,3333;0,3333
Rumah Nyaman Asambaris Tebet;0,0625;0,2418;0,0713;0,625;0,5556;0,1111
Rumah Dijual 2 lantai, kebon baru Tebet Jak sel;0,0906;0,4111;0,2779;0,5;0,3333;0,4444
Rumah tebet timur jakarta selatan. cozy style modern mini custler 4, 6M;0,0563;0,1063;0,0617;0,375;0,3333;0,1111
Di Jual Rumah Second Lokasi Strategis Tebet Jakarta Selatan;0,0938;0,223;0,0951;0,25;0,2222;0,1111
Tebet rumah modern classic, jakarta selatan;0,0391;0,317;0,0713;0,375;0,3333;0,1111
Rumah tebet dalam, jalan 3 mobil, lingkungan tenang, nego;0,5313;0,8815;1;1;0,6667;0,6667
Dijual rumah cantik bagus di Daerah Menteng Tebet;0,0672;0,1242;0,1077;0,375;0,1111;0
Dijual rumah baru cantik minimalis di Tebet;0,0469;0,1439;0,0602;0,375;0,3333;0
Dijual Rumah Siap Huni 1.5 Lnt;0,0391;0,1195;0,0602;0,25;0,2222;0,1111
Rumah Minimalist Dijual Di Kebon Baru, Tebet, Jakarta;0,0371;0,1214;0,049;0,375;0,3333;0,1111
Dijual Rumah Siap Huni DI Tebet Jaksel;0,2188;0,27;0,2571;0,625;0,3333;0,2222
Tebet Timur Jalan lebar, dekat statiun, harga bagus;0,2031;0,317;0,3618;0,375;0,4444;0,3333
Rumah mewah dijual di Tebet Jakarta selatan;0,3438;0,6463;0,4131;0,5;0,3333;0,3333
Rumah Hitung Tanah di Tebet Timur, Jalan Lebar 3 Mobil, Bentuk Tanah Persegi;0,0953;0,1289;0,1501;0,5;0,2222;0,2222
Rumah second masih bagus wilayah Tebet;0,0781;0,2465;0,1248;0,5;0,3333;0
TERJUAL TEBET TIMUR JALAN 2 MOBIL Dekat Taman;0,0516;0,1289;0,0676;0,125;0,2222;0,1111
Dijual Rumah Cantik Tebet Barat Lokasi Dekat Taman Nyaman Jalan 1 Mobil;0,0391;0,1759;0,0267;0,125;0,3333;0,1111
Very Cheap House Tebet;0,0859;0,1468;0,211;0,375;0,2222;0
Tebet rumah full furnished, jakarta selatan;0,0938;0,1383;0,0832;0,5;0,5556;0,2222
The Classic Luxury House With Pool @Brand New near Cassablanca Area, Palbatu, Jakarta Selatan;0,0797;0,2935;0,0565;0,5;0,4444;0,2222
The Classic Luxury House With Pool @Brand New near Cassablanca Area, Palbatu, Jakarta Selatan;0,0469;0,1289;0,0788;0,375;0,3333;0,1111
Rumah siap huni di tebet dalam;0,1094;0,3829;0,2199;0,625;0,5556;0,1111
Rumah Area Tebet Ada Kamar Tidur;0,0313;0,1214;0,049;0,25;0,2222;0,1111
Dijual Rumah Gudang Peluru Tebet Lokasi Premium Nyaman Jalan Lebar;0,1133;0,3735;0,1753;0,5;0,4444;0,1111
Rumah di Tebet Timur Dalam 7 i, Luas Tanah 179 m2, Lebar Muka 12 meter;0,0359;0,0913;0,0929;0,25;0,1111;0,1111
Dijual Rumah Di Tebet;0,1563;0,4111;0,2571;0,5;0,2222;0,3333
Dijual Rumah Baru Siap Huni Daerah Tebet , Jakarta Selatan;0,0938;0,1477;0,0832;0,25;0,3333;0,1111
Tebet Timur Rumah Homies Termurah Cepat;0,0311;0,0931;0,0758;0,5;0,3333;0,1111
DIJUAL Rumah 2 Lantai, Lokasi Sangat Strategis, Dekat Tol Cawang dan Stasiun Cawang;0,0406;0,0583;0,0602;0,375;0,2222;0,1111
Dijual Murah Rumah Di Jln Keselamatan Tebet Jakarta Selatan;0,0258;0,1195;0,11;0,25;0,1111;0,3333
Rumah Hoky Lokasi Strategis Di Belakang Hotel Haris Tebet;0,0258;0,1101;0,11;0,25;0,1111;0,3333
Rumah 2 Lantai Siap Huni di Bilangan Tebet;0,0266;0,1289;0,0505;0,375;0,2222;0
Rumah Di Tebet Raya, Area Komersial, Keluar Ijin Domisili, Strategis;0,3281;0,4111;0,3462;0,375;0,3333;0,3333
Rumah Tebet Dengan Lokasi Strategis Jalan Lebar;0,0281;0,0818;0,0327;0,25;0,2222;0
Djual rumah di tebet jakarta selatan luas;0,1281;0,3641;0,4799;0,75;0,4444;0,1111
Rumah jual Tebet Barat;0,0781;0,0818;0,1456;0,25;0,3333;0,1111
Rumah Dijual Murah Lokasi Strategis Di Kebon Baru, Tebet - Jakarta Selatan;0;0,0724;0,055;0,375;0,2222;0
Brand New House At Tebet Barat;0,2156;0,4111;0,1902;0,125;0,2222;0,3333
Dijual Rumah Di tebet , Jakarta Selatan Cocok Untuk Ruang Usaha;0,1016;0,1289;0,1679;0,375;0,4444;0,1111
Tebet rumah classic cocok buat comersial, jakarta selatan;0,2969;0,5992;0,3663;0,5;0,4444;0,5556
TEBET Rumah Nyaman Siap Huni dekat Kawasan Kuliner Tebet;0,0156;0,0583;0,0587;0,25;0,1111;0
Rumah di Tebet Timur, SHM, Dekat ke Bandara Halim, Mall Kota Kasablanka dan Dekat Pintu Tol Pancoran;0,0148;0,0583;0,0565;0,25;0,1111;0
Townhouse Bidakara Mewah Nyaman Di Jakarta Selatan 4 Br;0,1641;0,5052;0,1144;0,25;0,4444;0,3333
Rumah hook dijual, sangat strategis di Tebet;0,0219;0,079;0,0743;0,125;0,1111;0
Rumah Cantik Full Renov Tebet Timur;0,0328;0,0724;0,0267;0,125;0,1111;0,1111
Rumah Siap Huni Di Tebet - Jakarta Selatan;0,0563;0,1759;0,0966;0,25;0,2222;0,1111
Dijual Rumah Lama Tebet Barat Lokasi Strategis Jalan 1 Mobil;0,0313;0,0724;0,0602;0,125;0,1111;0
Dijual Rumah Baru 2 lantai Di Tebet;0,0344;0,0536;0,0238;0,375;0,3333;0,1111
Rumah Asri di jalan utama tebet;0,2188;0,4111;0,2571;0,875;0,5556;0,3333
Rumah tebet timur dalam, depan taman;0,0547;0,0724;0,0639;0,125;0,1111;0
Dijual rumah hook asri Bangunan di gudang peluru;0,0906;0,3923;0,1753;0,5;0,2222;0,3333
Rumah Tebet Timur Dalam Dekat Pspt dan stasiun tebet;0,0859;0,1468;0,211;0,375;0,2222;0,2222
Rumah lama hitung tanah kb. Baru Tebet;0,0398;0,1759;0,2214;0,375;0;0,2222
Rumah Mewah Fullfurnish Tebet Jakarta Selatan;0,3438;0,8815;0,3299;0,75;0,8889;0,4444
Rumah Dijual Di Tebet;0,125;0,1759;0,0802;0,25;0,2222;0,1111
Rumah Mewah Di Prime Area Tebet;0,1719;0,27;0,107;0,625;0,4444;0,3333
Rumah Tua Hitung Tanah Di Prime Area. TERMURAH Di TEBET !;0,3281;0,5052;0,5929;0,375;0,4444;0,3333
Rumah Bagus Siap Huni Dekat Casablanca. TERMURAH Di TEBET !;0,0391;0,223;0,101;0,5;0,5556;0,2222
Rumah Lama Di Tebet. MURAH. Best Investment !;0,0445;0,0913;0,1263;0,25;0,2222;0
Komplek Bukit Duri Permai;0,1375;0,6548;0,1969;0,25;0,3333;0,3333
Rumah Bagus Siap Huni JUAL CEPAT ! Tebet Utara;0,1234;0,223;0,1828;0,375;0,3333;0,1111
Rumah Cantik Siap Huni Dalam Komplek. JUAL CEPAT ! Tebet Barat;0,0578;0,2041;0,0357;0,25;0,2222;0,2222
Rumah Baru Siap Huni. MURAH ! Tebet Barat;0,032;0,1035;0,026;0,125;0,3333;0,1111
Rumah Bagus Siap Huni FULL FURNISHED Di Dalam Komplek Tebet Barat;0,0742;0,1759;0,0498;0,25;0,3333;0,1111
Rumah Baru Dalam Komplek Tebet;0,0547;0,1759;0,0416;0,25;0,2222;0
RUMAH MEWAH TEBET;0,4219;0,6463;0,3299;0,375;0,4444;0,2222
Rumah tebet ada ruang usaha jakarta selatan;0,1875;0,4111;0,2571;0,5;0,2222;0,1111
Rumah Mewah Cantik Minimalis Modern Harga Dibawah Pasaran di Jalan Raya Tebet Timur Dalam Raya Tebet;0,375;0,27;0,3796;0,375;0,4444;0
good unit house tebet jakarta;0,0984;0,4111;0,2013;0,375;0,4444;0
Rumah Tebet Timur, Jalan 1 Mobil;0,0297;0,0583;0,0602;0,375;0,1111;0
Rumah Tebet Timur, Jalan 2 Mobil Dekat Taman Tebet;0,1094;0,2023;0,1664;0,625;0,2222;0,1111
Dekat Stasiun Tebet Dan Mega Kuningan;0,1211;0,223;0,1991;0,25;0,3333;0,1111
4 Bedrooms House Tebet, Jakarta Selatan, DKI Jakarta;0,0703;0,2794;0,0639;0,25;0,3333;0,1111
Rumah Di Jual Tebet Barat, Luas Tanah 550 Meter;0,2422;0,5992;0,3685;0,5;0,5556;0
good unit house tebet jakarta;0,0016;0;0,1828;0,125;0;0
Rumah Bagus Siap Huni Ada S. Pool Di Tebet;0,2188;0,5992;0,4799;0,375;0,2222;0,3333
Rumah Baru Spec Premium Semifurnished;0,0922;0,1759;0,0527;0,125;0,1111;0,1111
Dijual Cepat rumah 3 lantai di Tebet;0,1016;0,4111;0,1679;0,375;0,3333;0
Rumah minimalis tebet jalan 3 mobil;0,075;0,1477;0,0646;0,25;0,3333;0,2222
Rumaha mewah siap huni tebet;0,2109;0,317;0,188;0,125;0,2222;0,3333
Rumah Minimalis Siap Huni Tebet;0,0547;0,1289;0,0684;0,25;0,3333;0,1111
5 Bedrooms House Tebet, Jakarta Selatan, DKI Jakarta;0,25;0,5052;0,3685;0,375;0,5556;0,5556
Dijual Rumah Tebet Dekat Dengan Jalan 2 Mobil Beda 1 Rumah..!!;0,0305;0,0818;0,0594;0,125;0,1111;0
Rumah Hitung Tanah Tebet Jalan 1 Mobil;0,0313;0,0818;0,0713;0,125;0,1111;0
Dijual Cepat Rumah Strategis Tebet Timur;0,0156;0,016;0,0267;0;0;0
Rumah Mewah Cantik Minimalis Modern di Jalan Raya Tebet Timur Dalam Raya Tebet Jakarta Selatan;0,375;0,27;0,3796;0,375;0,4444;0,3333
Jual Cepat Rumah Mewah di Tebet Jakarta Seatan;0,1172;0,223;0,2013;0,375;0,2222;0,1111
Rumah Cantik Di Tebet Jakarta Selatan;0,0938;0,2041;0,1233;0,25;0,2222;0,3333
Dijual Cepat Rumah lama layak huni di Tebet;0,1375;0,317;0,2199;0,25;0,4444;0
Rumah Siap Huni Di Tebet Lokasi Sangat Strategis Sekali;0,0313;0,0818;0,0267;0,125;0,1111;0
Rumah Mewah Kampung Melayu Jual Murah Bawah Pasaran;0,0703;0,1289;0,1456;0,25;0,2222;0,2222
Rumah Baru Renovasi Di Tebet Utara;0,0344;0,0818;0,0602;0,375;0,1111;0
Rumah Mewah Di Tebet;0,375;0,9567;0,4198;0,375;0,5556;0,1111
Rumah Baru Dekat Kawasan Tebet jakarta selatan;0,0891;0,3076;0,0565;0,625;0,5556;0,2222
Dijual Rumah Komplek Depkeu Menteng Tebet Jakarta Selatan;0,25;0,2794;0,4101;0,75;0,2222;0
Dijual Rumah Brand New Cantik Asri Siap Huni Harga Murah Dengan Tanah Luas Di Tebet Timur, Tebet Jaka;0,4688;0,8815;0,4577;0,5;0,4444;0,1111
Rumah hitung tanah di kebon baru Tebet Jakarta Selatan;0,1281;0,5522;0,4762;0,5;0,7778;0
Rumah Minimalis Bagus Prime Area Tebet Barat;0,0922;0,1759;0,0788;0,125;0,3333;0
Tebet Rumah Hitung Tanah Siap Bangun Linkungan Aman dan Nyaman;0,0406;0,0536;0,0632;0,375;0,2222;0
Tebet Rumah Hitung Tanah Dekat Taman;0,0109;0,016;0,0267;0;0,1111;0
Rumah dijual di tebet;0,0297;0,0659;0,0535;0,125;0,1111;0
Rumah Siap Huni Ditebet Jual Cepat;0,0141;0,0536;0,0267;0,125;0,1111;0
Rumah Tebet Soepomo Komplek Keuangan;0,25;0,3076;0,4116;0,875;0,2222;0,4444
Rumah Murah Tanah Luas Siap Huni Di Asem Baris Tebet Jakarta Selatan;0,0938;0,4111;0,2779;0,5;0,5556;0,3333
Rumah Dan Kos-Kosan Di Tebet Barat, Jalan 1 Mobil, Lokasi Strategis;0,0359;0,1289;0,0676;0,75;0,7778;0,1111
Rumah Baru Minimalis 2 Lantai Siap Huni di Tebet Jakarta;0,0961;0,1759;0,0802;0,25;0,2222;0,1111
Murah Dibawah Pasaran, Tebet Timur;0,1172;0,207;0,1872;0,375;0,3333;0
Dijual Rumah Brand New Siap Huni Harga Murah Dengan Tanah Luas Di Tebet Barat, Tebet Jakarta Selatan;0,25;0,3641;0,1902;0,25;0,3333;0,3333
Rumah Minimalis Murah Dekat Stasiun Tebet Jakarta Selatan;0,0273;0,0546;0,0342;0,25;0,2222;0
Dijual Rumah Tebet Barat Lokasi Premium Nyaman Jalan 1 Mobil;0,0313;0,1515;0,052;0,125;0,2222;0
Rumah Cantik Minimalis Di Tebet;0,0859;0,223;0,1085;0,375;0,3333;0,3333
Rumah tebet timur dalam jalan 1 mobil dekat 2 mobil;0,0766;0,1966;0,1909;0,25;0,3333;0,4444
Rumah Baru Bagus, Asem Baris, Tebet Area;0,0594;0,2465;0,1278;0,25;0,3333;0,2222
DIJUAL CEPAT Rumah 2 LANTAI SIAP PAKAI MURAH SEKALI @Tebet, Jakarta Selatan;0,0859;0,1759;0,0936;0,75;0,4444;0,1111
Rumah Ditebet Utara Tebet Jakarta Selatan;0,0859;0,1759;0,0944;0,75;0,5556;0
Dijual Rumah Di Tebet, Jakarta Selatan, Siap Huni;0,0343;0,0818;0,0602;0,125;0,2222;0
Rumah Bagus Di Asem Baris - Tebet;0,0625;0,2418;0,0713;0,625;0,5556;0,1111
DIJUAL RUMAH di Jl. Asem Baris Tebet, Jaksel;0,0188;0,1533;0,0305;0,375;0,2222;0,1111
Rumah mewah clasic di tebet jakarta selatan;0,4375;0,8815;0,4577;0,375;0,4444;0,4444
Rumah Mewah design Klasik, ada Swimming Pool di Tebet Barat;0,2156;0,4111;0,1902;0,25;0,3333;0,3333
Dijual cepat murah BU rumah lama strategis di tebet jakarta selatan;0,0313;0,0348;0,0632;0,125;0,1111;0
DIJUAL CEPAT Rumah 2 Lantai SIAP HUNI & MURAH JARANG ADA di Tebet, Jakarta Selatan;0,0859;0,1759;0,0936;0,75;0,4444;0,1111
Tebet - Dijual Rumah Dalam Kompleks Gudang Peluru;0,1016;0,1101;0,1085;0,375;0,3333;0
Rumah Siap Huni,Bebas Banjir,Tenang,Nyaman Di Gudang Peluru, Tebet;0,0625;0,1759;0,1211;0,125;0,2222;0
Jual cepat Rumah Besar di Tebet Timur;0,0352;0,223;0,0736;0,75;0,6667;0,1111
Rumah Kost Bisa Untuk Huni Di Tebet Barat Dalam Dekat Mt. Haryono;0,0359;0,1289;0,0565;0,875;0,2222;0
TEBET Rumah Lingkungan Nyaman dan Aman Dekat Taman;0,0547;0,1289;0,0936;0,25;0,2222;0
TEBET Rumah Brand New Depan Taman Jalan Dua Mobil Lebar;0,0969;0,1759;0,0795;0,125;0,2222;0,1111
Menteng Dalam - Tebet Akses Jalan 2 Mobil Dekat Asisi;0,0281;0,0818;0,0357;0,125;0,2222;0
Tebet Rumah Brand New Akses Jalan 2 Mobil;0,0547;0,1759;0,0312;0,375;0,3333;0,1111
Dijual Cepet Rumah Siap Huni Tebet, Lokasi Nyaman, Strategis;0,0266;0,0348;0,0565;0,375;0,1111;0,1111
Dijual Rumah Minimalis Tebet Timur Lokasi Premium Bisa Untuk Kantor Jalan Raya;0,1328;0,1759;0,1003;0,25;0,2222;0,1111
Rumah Siap huni 3 lantai dalam komplek Tebet;0,0703;0,079;0,0394;0,5;0,3333;0
Dijual Rumah Tebet Area Komersil Lokasi Strategis Jalan Raya;0,3438;0,6463;0,4131;0,75;0,5556;0,5556
Kebon Baru Rumah Nyaman Siap Huni;0,0078;0,0536;0,0267;0,125;0,1111;0
Rumah Secondary tanah luas strategis asem baris Tebet, Jakarta selatan;0,0938;0,4111;0,2779;0,75;0,5556;0,3333
Tebet rumah murah prime location, jakarta selatan;0,0391;0,1383;0,0862;0,375;0,2222;0,1111
Rumah brand new area Tebet Barat;0,0617;0,1524;0,0416;0,375;0,3333;0,1111
Dijual Rumah Mewah Desain Modern Daerah Tebet;0,4531;0,6933;0,3299;0,375;0,4444;0,8889
Dijual rumah baru di tebet jakarta selatan;0,0153;0,095;0,0134;0,25;0,1111;0,1111
BrandNew Siap Huni Parkir 3 Mobil Tebet Utara;0,0859;0,1759;0,0527;0,125;0,2222;0,2222
Rumah Tebet Dalam, Dekat Taman & Dekat Jln 2 Mobil;0,0391;0,1082;0,0713;0,125;0,1111;0,1111
Rumah Lama Terawat BU Tebet;0,0125;0,0395;0,0267;0,125;0,1111;0
Rumah Lama Terawat lokasi bagus dekat MT.Haryono;0,1875;0,27;0,1441;0,25;0,3333;0
Tebet Rumah Lama Terawat;0,0328;0,1524;0,0758;0,25;0,2222;0,1111
Brand New Rumah Strategi Soho Tebet;0,0586;0,1101;0,0617;0,25;0,3333;0,1111
4 Bedrooms House Tebet, Jakarta Selatan, DKI Jakarta;0,025;0,0913;0,0267;0,25;0,1111;0
Dijual Rumah Komplek Gudang Peluru Hitung Tanah Lokasi Premium Tenang Jalan 2 Mobil;0,082;0,1289;0,1976;0,25;0,2222;0,1111
Rumah Siap Huni Di Tebet, Jalan 1 Mobil Strategis;0,0313;0,0818;0,0602;0,125;0;0
KOMPLEK ELITE GUDANG PELURU - Rumah Besar Siap Huni;0,0867;0,27;0,1605;0,375;0,3333;0,1111
Rumah Asem Baris;0,0625;0,2418;0,0713;0,625;0,5556;0
Rumah Baru Lux Di Tebet Barat;0,2344;0,4346;0,2051;0,25;0,3333;0,2222
Turun harga rumah di Tebet Jaksel;0,3438;0,6463;0,4131;0,75;0,5556;0,3333
Dijual Rumah Tebet Timur Layak Huni Lokasi Premium Nyaman Jalan Lebar;0,0953;0,1289;0,1568;0,5;0,2222;0,2222
Dijual Murah Rumah Hitung Tanah Tebet Timur Lokasi Strategis Jalan 1 Mobil;0,0203;0,0762;0,0602;0,25;0,1111;0,1111
Dijual Rumah 2 Lantai Lokasi Strategis Siap Huni di Asembaris Tebet;0,1016;0,4111;0,2779;0,5;0,3333;0,3333
Rumah tebet jakarta selatan;0,0703;0,3264;0,1122;0,25;0,3333;0,1111
Rumah Bagus Minimalis Luas Dan Murah Di Asem Baris Tebet Jaksel;0,0203;0,0818;0,0579;0,25;0,2222;0
Dekat Stasiun Tebet Dan Jalan Mt Hariyono Dan RS.Umum;0,2188;0,1637;0,2474;0,375;0,3333;0,1111
Dijual Rumah Tebet Brand New Lokasi Strategis Jalan 1 Mobil;0,0391;0,0724;0,0267;0,125;0,2222;0,1111
Rumah tebet timur dalam jalan 2 mobil;0,0766;0,0724;0,0394;0,125;0,2222;0,2222
Dijual Rumah Dengan Carport Luas di Tebet Barat;0,4531;0,4111;0,4822;0,75;0,3333;0,7778
Rumah Tebet Barat Dalam, Strategis;0,0297;0,0536;0,0617;0,375;0,1111;0
Tebet Akses Jalan 2 Mobil Dekat Taman Cocok Untuk Hunian;0,0781;0,27;0,1233;0,375;0,4444;0,1111
RUMAH MEWAH CANTIK SIAP HUNI DI MENTENG DALAM TEBET JAKARTA SELATAN;0,2656;0,1289;0,1464;0,375;0,2222;0,2222
Rumah siap huni 3 lantai di Tebet Jakarta Selatan;0,0703;0,079;0,0394;0,5;0,3333;0,1111
DIJUAL RUMAH di TEBET TIMUR Jakarta Selatan;0,0422;0,27;0,0936;0,25;0,2222;0
Rumah Siap Huni Jalan Lebaaarrr Tebet Barat;0,082;0,0818;0,0713;0,125;0,2222;0,1111
Rumah Murah Di Tebet Timur Dalam, Tebet Jakarta Selatan;0,0422;0,0818;0,0632;0,375;0,2222;0
Rumah Mewah di Tebet Jakarta Selatan;0,0984;0,223;0,2013;0,375;0,3333;0,5556
Rumah Cantik 2 Lantai, akses jalan 2 Mobil, di Tebet Timur;0,093;0,0818;0,101;0,25;0,3333;0,1111
Dijual Rumah Hook Baru Tebet Timur Jakarta Selatan Lokasi Aman Tidak Banjir Dekat Pasar PSPT;0,0375;0,1195;0,0416;0,375;0,5556;0,1111
Dijual Rumah Baru Siap Huni di Tebet Barat;0,0359;0,0536;0,0267;0,125;0,2222;0,1111
House In Dukuh Patra;0,6406;0,5052;0,4235;0,125;0,2222;0,1111
Dijual Rumah Lux Brandnew, Lokasi Strategis Dekat Ke Kokas;0,0891;0,3076;0,0565;0,25;0,4444;0,1111
Dijual Rumah Di Tebet;0,1719;0,317;0,1917;0,25;0,3333;0,1111
Rumah lama siap bangun di jalan 1 mobil Tebet Timur;0,0211;0,063;0,0565;0,25;0,2222;0
Tebet Rumah Lama Jalan 2 Mobil, Acces Mudah Ke Stasiun Kereta Dan Kulineran;0,0375;0,0348;0,0632;0,5;0,3333;0,1111
Rumah Minimalis Modern 2 Lantai Nan Mewah Dekat Mall Basurra City;0,0313;0,1289;0,0713;0,375;0,3333;0,1111
Dijual Rumah Di Tebet;0,0625;0,2493;0,0713;0,625;0,5556;0,1111
Dijual rumah siap huni di Tebet;0,0469;0,1759;0,0743;0,5;0,2222;0,1111
Dijual rumah siap huni di Tebet;0,0203;0,0414;0;0,125;0,1111;0
DIJUAL RUMAH DI TEBET;0,0547;0,1571;0,0936;0,25;0,3333;0
Dijual rumah di Tebet;0,0531;0,1289;0,1048;0,625;0,1111;0,1111
Dijual rumah di Tebet Timur;0,0547;0,0818;0,0929;0,125;0,1111;0
Dijual Rumah Hitung Tanah Tebet Lokasi Strategis Nyaman Jalan 1 Mobil Lebar;0,0281;0,0348;0,0565;0,125;0,1111;0,1111
Dijual Rumah Komplek Gudang Peluru Tebet Lokasi Premium Nyaman Jalan 1 Mobil;0,0438;0,1082;0,1374;0,25;0,2222;0,3333
Dijual rumah di TEBET - BANGUNAN TERAWAT DAN KOKOH DI JALAN 3 MOBIL;0,2188;0,3641;0,3128;0,375;0,4444;0,4444
Rumah Tanjung Duren;0,0391;0,0677;0,0349;0,25;0,1111;0,1111
RUmah Bagus Pinggir Jalan Lokasi Strategis Di Tebet Jakarta Selatan;0,0703;0,1007;0,1605;0,5;0,2222;0
Dijual cepat murah BU rumah lama strategis di tebet jakarta selatan;0,0297;0,0348;0,0632;0,125;0,1111;0,1111
Dijual cepat murah rumah lama strategis di tebet kuningan jakarta selatan;0,0522;0,0348;0,052;0,125;0,1111;0,1111
Rumah Besar di jual di Jalan Gatot Subroto Jakarta Selatan;0,375;0,2728;0,3574;1;1;0,5556
Dijual Rumah Siap Huni 3 lantai di Tebet Jakarta Selatan;0,0297;0,0818;0,0045;0,25;0,3333;0
Dijual Rumah Minimalis di tebet timur area strategis;0,0344;0,0818;0,0282;0,25;0,3333;0,1111
Rumah Murah Dan Strategis Dekat Mall Casablanca Di Tebet Dalam Jaksel;0,0391;0,1383;0,0877;0,375;0,1111;0,1111
Rumah Mewah Modern di Tebet Barat Nego;0,375;0,4581;0,3202;0,25;0,3333;0,2222
Rumah daerah Tebet;0,1016;0,1759;0,1939;0,125;0,2222;0,1111
Tebet Rumah Dekat Lapangan Bola Siap Huni;0,0305;0,0677;0,0587;0,25;0,2222;0
5 Bedrooms House Tebet, Jakarta Selatan, DKI Jakarta;0,125;0,27;0,1865;0,375;0,4444;0,2222
4 Bedrooms House Tebet, Jakarta Selatan, DKI Jakarta;0,0234;0,0536;0,0602;0,25;0,1111;0
Brand New Minimalis Tebet Dengan Lokasi Strategis Dijual Cepat;0,0328;0,1025;0,0267;0,25;0,2222;0,1111
Dijual cepat dan murah rumah lama strategis di Tebet Jakarta Selatan;0,0391;0,1289;0,1315;0,25;0,2222;0,1111
Dijual rumah di Tebet, Jakarta Selatan, bebas banjir, nyaman, dan aman;0,1719;0,3923;0,1917;0,25;0,1111;0
Dijual Rumah Tebet Timur Lokasi Premium Cocok Untuk Usaha Jalan Lebar;0,0938;0,2512;0,0988;0,625;0,3333;0,1111
Dijual Rumah, Siap Huni,Strategis, Di Tebet Jakarta Selatan;0,0859;0,08;0,0713;0,25;0,2222;0,2222
Rumah di tebet timur dalam;0,0547;0,1289;0,0698;0,25;0,2222;0
Rumah Tua Di Tebet Jalan Depan Dua Mobil;0,0938;0,1101;0,1478;0,125;0,1111;0,1111
Tebet Rumah Tinggal;0,0203;0,0724;0,0171;0,25;0,2222;0
Dijual rumah di Tebet;0,1211;0,1759;0,1085;0,375;0,3333;0,1111
Jual Rumah Mewah Siap Huni Strategis di Tebet Jakarta Selatan;0,1219;0,317;0,1308;0,375;0,4444;0,2222
Townhouse Bidakara;0,1875;0,5052;0,1144;0,25;0,4444;0,3333
Tebet Dijual Rumah cantik 2 lantai semi furnished dan lay out nya bagus;0,0953;0,2041;0,1389;0,375;0,3333;0,2222
Rumah di depan taman di tebet utara, belakang pertokoan Elektronic city;0,0313;0,0715;0,0713;0,125;0,2222;0
Dijual rumah Tebet 2 lantai. akses strategis;0,0406;0,0818;0,0602;0,375;0,2222;0,2222
Rumah Mewah Tebet Utara Jakarta Selatan;0,3281;0,5992;0,4198;0,375;0,3333;1
rumah area komersial, tebet raya, jakarta selatan;0,3281;0,27;0,2927;0,5;0,6667;0,3333
Rumah Tebet Barat Jakarta, Siap Huni;0,0391;0,0913;0,0475;0,25;0,3333;0,1111
Rumah Bagus siap huni akses 2 mobil daerah Tebet Jakarta Selatan;0,1172;0,1712;0,1382;0,125;0,4444;0,1111
Dijual Rumah Mewah Lokasi Bagus di Tebet Jalan Lebar;0,375;0,4581;0,3202;0,375;0,4444;0,1111
3 Bedrooms House Tebet, Jakarta Selatan, DKI Jakarta;0,0094;0,0818;0,0267;0,125;0,1111;0
Rumah 2 lantai di Jalan Sawo Kecik Raya, Bukit Duri, Tebet, Jakarta Selatan;0,0703;0,3396;0,1909;0,375;0,3333;0,3333
Rumah Bagus Cakep Dikawasan Elit Tebet Jaksel;0,1094;0,1853;0,1872;0,375;0,3333;0,1111
Dijual Rumah Tinggal Siap Huni Di Tebet lokasi strategis dan premium di Jakarta Selatan;0,1797;0,3923;0,1917;0,25;0,1111;0
Rumah Terawat Siap Huni Di Tebet, Jaksel;0,1016;0,27;0,1233;0,25;0,4444;0
4 Bedrooms House Tebet, Jakarta Selatan, DKI Jakarta;0,0313;0,223;0,0416;0,25;0,2222;0
Tebet Rumah Lama Dijalan Lebar Dengan Lokasi Strategis Jual Cepat;0,2188;0,223;0,153;0,25;0,2222;0,3333
RUMAH TOWN HOUSE CANTIK TEBET;0,0453;0,1477;0,0602;0,25;0,3333;0
Dijual Rumah Hitung Tanah Tebet Lokasi Strategis Nyaman Jalan 2 Mobil;0,0781;0,1383;0,1107;0,375;0,2222;0
Dijual rumah di Tebet;0,2656;0,1289;0,2942;0,375;0,2222;0,1111
Rumah Di Tebet;0,0313;0,0818;0,0267;0,25;0,4444;0
Brand New Minimalis Tebet Jalan Lebar Depan Taman Dijual Cepat;0,0625;0,1101;0,0394;0,5;0,4444;0,1111
Dijual Rumah Cantik Kebon Baru Lokasi Strategis Nyaman Jalan 2 Mobil;0,0234;0,0724;0,0602;0,25;0,2222;0
Rumah Tinggal Di Area Komersil Jl Tebet Raya, Strategis Dan Murah;0,3125;0,27;0,3462;0,375;0,3333;0,1111
NEW TOWNHOUSE WITH PRIVATE POOL AT BIDAKARA TEBET JAKARTA SELATAN;0,1797;0,5052;0,1144;0,25;0,4444;0,3333
Rumah Siap Huni Tebet Jalan 2 Mobil Dijual Cepat;0,0313;0,0913;0,0639;0,25;0,2222;0
Rumah Tebet Barat;0,4531;0,4111;0,4822;0,625;0,3333;0,7778
Rumah bagus siap huni dengan lokasi strategis dekat dengan supomo dan casablanca di jalan 1 mobil;0,0586;0,1289;0,0713;0,375;0,4444;0,1111
Rumah Termurah Akses Jalan 2 Mobil Luas Tanah 268 M Di Tebet Barat;0,0922;0,317;0,159;0,375;0,3333;0,2222
For Sale Single House at Tebet & Condition Semi Furnished HSE-A0330;0,1406;0,223;0,2333;0,25;0,3333;0,2222
Rumah Bagus Dan Elite Di Kawasan Tebet Yang Pretigous;0,0891;0,1759;0,0527;0,125;0,2222;0,2222
4 Bedrooms House Tebet, Jakarta Selatan, DKI Jakarta;0,0281;0,1289;0,0416;0,25;0,2222;0,1111
5 Bedrooms House Tebet, Jakarta Selatan, DKI Jakarta;0,0313;0,1101;0,0602;0,375;0,3333;0,2222
Rumah Minimalis bagus Tebet Utara;0,0484;0,1477;0,0416;0,25;0,2222;0,1111
Rumah Siap Huni Di Tebet Dalam Jakarta Selatan;0,0391;0,0931;0,0706;0,25;0,1111;0,1111
Dijual Rumah Mewah Full Furnish Di Tebet, Jakarta Selatan;0,5313;0,6933;0,4799;0,5;0,6667;1
RumahKomersil di Tebet Timur Raya;0,3281;0,6707;0,5364;0,25;0,2222;0,3333
Rumah modern semi klasik di Tebet;0,4531;0,6933;0,3299;0,5;0,5556;0,8889
Rumah Dekat Jalan Utama Bukitduri, Hanya 2 Rumah Dari Jalan Besar;0,0156;0,0611;0,0698;0,25;0,2222;0,1111
JUAL CEPAT RUMAH MEWAH CLASSIC MODERN BEBAS BANJIR LOKASI PREMIUM TEBET;0,375;0,4581;0,3202;0,375;0,3333;0,3333
Dijual murah, hitung tanah, tebet timur dalam;0,1328;0,2982;0,2467;0,625;0,3333;0,3333
Dijual sangat murah rumah baru daerah tebet;0,0563;0,1759;0,0721;0,375;0,2222;0,3333
Dijual cepat rumah Tebet timur jakarta selatan;0,0781;0,0988;0,1241;0,375;0,2222;0,1111
Brand New Minimalis 3 Lantai Tebet Dijual Cepat, Lokasi Strategis;0,0211;0,0913;0,0193;0,25;0,2222;0
Dijual Rumah Tebet Barat Lokasi Strategis Nyaman Jalan 1 Mobil;0,025;0,0724;0,0223;0,125;0,1111;0
Rumah Siap Huni Di Lokasi Premium Tebet Barat Dalam;0,125;0,223;0,1731;0,25;0,2222;0
Rumah Cantik Minimalis Tebet;0,025;0,0818;0,0267;0,125;0,1111;0
rumah tebet dalam, hoek, SHM;0,1719;0,3829;0,1605;0,375;0,3333;0
Cluster Baru Minimalis Modern Jaya Mandala Tebet Jakarta Selatan;0,2109;0,5052;0,1144;0,25;0,3333;0,1111
Rumah di Kasablangka, Tebet, Menteng, Jakarta Selatan;0,043;0,0602;0,0936;0,25;0,3333;0,1111
Rumah Mewah Murah Dalam Komplek Di Tebet;0,0781;0,2465;0,127;0,625;0,4444;0,1111
Rumah Standard Di Tebet Dalam Jakarta Selatan;0,0656;0,223;0,153;0,625;0,2222;0
Rumah Strategis Siap Huni Di Raya Tebet Jakarta Selatan;0,0609;0,1759;0,1575;0,125;0,1111;0
Rumah Tua Strategis Di Tebet Raya Jakarta Selatan;0,2578;0,6463;0,4978;0,25;0,1111;0,2222
Rumah Mewah Hook Siap Huni Dan Terawat Di Gudang Peluru Tebet;0,1547;0,5484;0,2779;0,375;0,4444;0,5556
Rumah Cantik Dan Luas Di Tebet Jakarta Selatan;0,125;0,223;0,2481;0,25;0,2222;0
Rumah Strategis Di Tebet Jakarta Selatan;0,0859;0,0988;0,1241;0,375;0,1111;0
Rumah di Tebet Jakarta Selatan;0,375;0,5052;0,7028;1;1;1
5 Bedrooms House Tebet, Jakarta Selatan, DKI Jakarta;0,0781;0,223;0,0713;0,375;0,3333;0,1111
Rumah Murah Tebet;0,0359;0,0536;0,0267;0,25;0,3333;0
Rumah di Tebet;0,0625;0,3264;0,1122;0,125;0,2222;0
Rumah Tebet Barat Dalam, Jakarta Selatan, Lokasi Strategis;0,0391;0,0913;0,0475;0,25;0,3333;0,1111
4 Bedrooms House Tebet, Jakarta Selatan, DKI Jakarta;0,0313;0,0913;0,0267;0,25;0,2222;0
Rumah Baru Hook Modern Minimalis Strategis Siap Huni Di Tebet Timur;0,0359;0,1101;0,0416;0,25;0,3333;0,1111
Rumah Di Tebet Timur Dalam, Jakarta Selatan, Siap Huni, Semi Furnished;0,0531;0,1759;0,0565;0,25;0,2222;0,1111
Rumah Asri Di Tebet Timur Tebet Jakarta Selatan;0,0508;0,1289;0,0713;0,375;0,2222;0,3333
Rumah Siap Huni Tebet Raya, Lingkungan Tenang nyaman, & Strategis;0,1563;0,1994;0,1865;0,375;0,2222;0
Dijual rumah di tebet timur 2 lantai;0,0313;0,0536;0,0267;0,25;0,3333;0
Rumah Siap Huni Jalanan 3 Mobil Di Tebet;0,1219;0,0818;0,1122;0,375;0,1111;0,1111
TERJUAL Tebet Rumah Siap Huni Jalan Dua Mobil 300 Meter dari Mt Haryono;0,0703;0,223;0,1441;0,375;0,3333;0,2222
3 Bedrooms House Tebet, Jakarta Selatan, DKI Jakarta;0,0188;0,0913;0,0342;0,125;0,1111;0
5 Bedrooms House Tebet, Jakarta Selatan, DKI Jakarta;0,0781;0,1759;0,0862;0,375;0,4444;0,2222
4 Bedrooms House Tebet, Jakarta Selatan, DKI Jakarta;0,0938;0,223;0,1382;0,25;0,2222;0,3333
Rumah Bagus 2 Lantai, Bebas Banjir, Tenang Di Tebet, Jakarta Selatan;0,1484;0,4111;0,2162;0,5;0,3333;0,1111
Rumah Mewah 2 Lt Design Apik di Tebet Barat, Jakarta Selatan;0,0781;0,27;0,1159;0,375;0,4444;0
Rumah Tebet Barat;0,0438;0,0818;0,0565;0,125;0,1111;0
Rumah Murah Minimalis Di Tebet Timur, Tebet Jakarta Selatan;0,0703;0,1759;0,0639;0,375;0,2222;0
Dijual rumah murah dan cepat aja di Kebon Baru, Tebet;0,0234;0,1289;0,0505;0,25;0,1111;0
Rumah second bangunan kokoh dan terawat dalam komplek Gudang Peluru , Tebet , Jakarta Selatan;0,1016;0,3923;0,1753;0,375;0,2222;0,1111
Rumah Mewah di Menteng Dalam - Tebet;0,0906;0,2935;0,0565;0,25;0,4444;0,3333
Rumah Mewah di Tebet;0,1797;0,3923;0,1917;0,25;0,2222;0,1111
Jl. Tebet Raya, Kec. Tebet, Kota Jakarta Selatan, Daerah Khusus Ibukota Jakarta 12810, Indonesia;0,1328;0,223;0,2333;0,375;0,3333;0,1111
Dijual rumah Tebet Jakarta Selatan;0,0781;0,0818;0,1085;0,375;0,3333;0,1111
Dijual Segera Rumah Tebet Timur Jakarta Selatan;0,0391;0,1665;0,0565;0,375;0,5556;0,1111
Dijual rumah di Tebet;0,125;0,27;0,1865;0,25;0,3333;0,2222
Dijual rumah siap huni di Tebet;0,1094;0,27;0,0921;0,75;0,5556;0,1111
Dijual rumah di tebet timur raya;0,2969;0,3547;0,4502;0,875;0,4444;0,4444
Rumah Brand New Posisi Depan Tama Di Tebet Barat, 3 Lantai;0,1359;0,3641;0,1441;0,375;0,5556;0
4 Bedrooms House Tebet, Jakarta Selatan, DKI Jakarta;0,05;0,1101;0,049;0,25;0,2222;0,1111
Rumah tebet barat dalam;0,125;0,27;0,1382;0,5;0,3333;0,2222
Rumah Di Tebet,Lt270/375m,2 Lantai,Dkt Gatot Subroto;0,1203;0,2935;0,1568;0,375;0,3333;0,3333
Rumah Siap Huni Di Tebet Akses Mudah Dekat Ke Supomo Pancoran;0,0391;0,1571;0,0713;0,375;0,3333;0,1111
Dekat Jalan Soepomo Dan Mall Kota Kasablanka. Fasilitas Terdekat Baik.;0,375;0,317;0,6523;0,625;0,4444;0,8889
Rumah Second di Kebon Baru Tebet Jakarta Selatan;0,1875;0,6933;0,2348;0,5;0,4444;0,3333
Town House di Tebet Jakarta Selatan;0,043;0,0536;0,0713;0;0,1111;0,1111
Good House Tebet;0,1406;0,3641;0,5171;0,75;0,5556;0
Rumah Bagus di Daerah Tebet;0,0094;0,016;0,0193;0,25;0,2222;0
Tebet Rumah Mewah Minimalis 2 Lantai;0,0547;0,2418;0,0684;0,375;0,4444;0,2222
Rumah Di Tebet Dalam Akses 2 Mobil Besar, Jakarta Selatan;0,1953;0,1618;0,1501;0,125;0,1111;0,1111
3 Bedrooms House Tebet, Jakarta Selatan, DKI Jakarta;0,0156;0,0348;0,0267;0,125;0,1111;0
Tebet Rumah Bagus Minimalis Modern, jakarta Selatan;0,125;0,1392;0,1337;0,625;0,4444;0,3333
Rumah mewah baru minimalia di Tebet utara;0,075;0,2041;0,0862;0,375;0,3333;0,1111
4 Bedrooms House Tebet, Jakarta Selatan, DKI Jakarta;0,0344;0,0913;0,0602;0,25;0,2222;0
Rumah Kebon Baru, Tebet, Jakarta Selatan, Hoek, Lokasi Strategis;0,0219;0,0856;0,0691;0,125;0,1111;0
Rumah Tebet Siap Huni Jalan 2 Mobil;0,0898;0,27;0,1159;0,25;0,3333;0,1111
Tebet Rumah Classic, Jakarta Selatan;0,0219;0,0113;0,0349;0;0;0,1111
Dijual Rumah Tebet Barat Lokasi Strategis Nyaman Jalan 1 Mobil;0,0328;0,0818;0,0305;0,125;0,2222;0,1111
Dijual Rumah Bangunan 2 Lantai di Tebet, Jakarta Selatan;0,4219;0,4111;0,4822;0,75;0,3333;0,5556
Dijual Rumah Di Tebet Jakarta Selatan 3 Kmr 150m2 Nyaman Harga Best;0,0281;0,0818;0,0267;0,125;0,2222;0
Rumah Lama Tebet Timur Dalam;0,0219;0,0348;0,0565;0,25;0,1111;0
Rumah Minimalis Clasik Tebet Barat, Jakarta Selatan;0,0547;0,1769;0,0386;0,25;0,2222;0,1111
Rumah, Bukit Duri Tebet Jakarta, Jalan 2mobil, 162m, Dekat Kokas, BU;0,0172;0,0931;0,0802;0,125;0,2222;0,1111
Tebet Rumah siap huni, jalan lebar, lokasi ok;0,075;0,1101;0,0646;0,25;0,2222;0,1111
Tebet Rumah hitung tanah, jalan lebar;0,1297;0,3029;0,2467;0,5;0,3333;0,3333
Rumah Tebet Dijual Cepat Dengan Lokasi Strategis;0,0156;0,063;0,0342;0,125;0,1111;0
5 Bedrooms House Tebet, Jakarta Selatan, DKI Jakarta;0,5313;0,317;0,4056;0,375;0,2222;0,3333
4 Bedrooms House Tebet, Jakarta Selatan, DKI Jakarta;0,0469;0,1289;0,0639;0,25;0,2222;0,1111
8 Bedrooms House Tebet, Jakarta Selatan, DKI Jakarta;0,0859;0,1759;0,0936;0,75;0,3333;0
3 Bedrooms House Tebet, Jakarta Selatan, DKI Jakarta;0,0289;0,0913;0,0602;0,125;0,1111;0,1111
Dijual Rumah Minimalis 3 Lantai ada Kolam Renang di Tebet;0,0906;0,223;0,1085;0,375;0,4444;0,3333
Rumah Brand New Di Tebet Dekat Ke Jalan 3 Mobil Lt 112meter;0,0391;0,0818;0,0431;0,125;0,3333;0
Rumah Siap Huni @ Tebet;0,0391;0,0913;0,0416;0,25;0,3333;0,1111
Rumah Mewah Bukit Duri;0,1484;0,6933;0,2994;0,625;0,4444;0,1111
Rumah Mewah Harga Murah Siap Huni Akses Strategis Di Tebet Pancoran;0,1797;0,3923;0,1917;0,5;0,3333;0,3333
Rumah Asem Baris Tebet;0,0703;0,19;0,1456;0,25;0,2222;0,1111
Dijual rumah di komplek gudang peluru Tebet, Jakarta Selatan;0,0734;0,1759;0,0802;0,25;0,3333;0,1111
Dijual Rumah di Tebet Barat, Jakarta Selatan ~ Lokasi Bagus Jalan Dua Mobil;0,3906;0,4581;0,3202;0,25;0,2222;0,1111
Rumah 2 lantai di Tebet Dalam;0,0313;0,0254;0,0788;0,375;0,3333;0
Rumah Tebet Lokasi Strategis, Luas Pusat Bisnis. Dekat Kuningan;0,1328;0,3029;0,2422;0,375;0,3333;0,1111
Rumah Minimalis Di Tebet;0,043;0,0913;0,0416;0,125;0,2222;0,1111
Rumah Di Tebet Nyaman Aman Strategis Jalanan Besar 2 Mobil Bebas Banjir;0,0859;0,1007;0,026;0,125;0,2222;0
Rumah Mewah 2 Lantai Di Asem Baris;0,1016;0,223;0,2013;0,375;0,3333;0,1111
Rumah Mungil Di Tebet Siap Huni;0,0234;0,0536;0,0045;0,125;0,3333;0
Rumah mininalis tebet;0,0453;0,1289;0,0565;0,375;0,3333;0
Rumah Lux Tebet;0,2344;0,3641;0,1902;0,375;0,4444;0
Rumah Baru Di Tebet Timur Lokasi Strategis;0,0469;0,1289;0,0565;0,25;0,2222;0,1111
Rumah Cantik Di Tebet Dekat Supomo Pancoran Kuningan Gatot Subroto;0,075;0,1007;0,0646;0,25;0,2222;0
TEBET - Kondisi Bagus, Dekat Jalan 2 Mobil;0,0453;0,1007;0,0342;0,375;0,2222;0,1111
TEBET - Siap Huni, Terawat, Tengah Kota, Strategis;0,0328;0,1101;0,0364;0,125;0,2222;0,1111
TEBET - Bagus Untuk Investasi dan Harga Sangat Menarik;0,0313;0,0818;0,0632;0,125;0,2222;0
TEBET - Jalan 2 Mobil Lebar, Strategis;0,2031;0,3547;0,2519;0,5;0,5556;0,5556
TEBET - Siap Huni Lokasi Bagus;0,1953;0,2719;0,2526;0,5;0,3333;0,1111
TEBET - Rumah Bagus, Siap Huni;0,0469;0,1289;0,0602;0,25;0,2222;0,1111
TEBET - Rumah Baru;0,0391;0,0536;0,0267;0,125;0,1111;0,1111
TEBET - Siap Huni, Kondisi Sangat Terawat;0,0516;0,223;0,0936;0,375;0,3333;0,1111
TEBET - Area Tenang, Aman dan Nyaman;0,0453;0,1101;0,0743;0,25;0,2222;0,1111
Tebet - Dijual Rumah Mewah Klasik;0,2813;0,6933;0,2281;0,375;0,4444;0,4444
Tebet rumah minimalis modern, jakarta selatan;0,0273;0,1383;0,0275;0,375;0,3333;0
Dijual Rumah sangat strategis di Tebet Barat, dekat sekolah, stasiun, Tebet Mas;0,0297;0,1054;0,0594;0,375;0,1111;0
Rumah Tingkat 2 Lantai Di Komplek Gudang Peluru Tebet Jakarta Selatan;0,1328;0,4111;0,2162;0,75;0,4444;0,3333
Dijual Rumah Cantik Di Tebet Akses Jalan Lebar;0,3438;0,5992;0,6932;0,25;0,3333;0,3333
Di Jual Rumah Mewah Sangat Strategis Di Tebet Akses Jalan 2mobil Lebar, Rumah Menghadap Selatan;0,3125;0,5992;0,3663;0,25;0,3333;0,6667
Di jual rumah di jl persada raya;0,0469;0,1289;0,1233;0,625;0,2222;0
Rumah strategis tebet barat;0,3422;0,5992;0,4428;0,125;0,2222;0,1111
Rumah Baru Semi Furnished Depan TAMAN dekat Gelael, Tebet Barat, Jakarta Selatan;0,0469;0,1101;0,0379;0,375;0,3333;0
Rumah Tebet Barat Dalam - Jakarta Selatan, Tebet, Jakarta Selatan;0,0344;0,0696;0,0238;0,25;0,1111;0
4 Bedrooms House Tebet, Jakarta Selatan, DKI Jakarta;0,025;0,0913;0,029;0,25;0,3333;0
Di Jual Rumah Cantik di Tebet Jalan 1 Mobil Jakarta Selatan;0,0828;0,1759;0,0936;0,25;0,2222;0
Rumah Brand New Minimalis Modern Bebas Banjir di Tebet;0,0375;0,0913;0,0416;0,125;0,2222;0
4 Bedrooms House Tebet, Jakarta Selatan, DKI Jakarta;0,0352;0,1289;0,0267;0,25;0,2222;0
Dijual Rumah Cantik Minimalis Di Tebet Dekat Taman;0,0313;0,0818;0,0305;0,25;0,3333;0
Rumah Murah Siap Huni Akses 2 Mobil Tebet Timur Jak Sel;0,0484;0,1101;0,075;0,25;0,2222;0
Rumah Strategis Cocok Untuk Usaha Posisi Huk Di Tebet Timur;0,0859;0,063;0,0788;0,25;0;0,1111
Rumah Strategis Siap Huni Akses 1mobil Di Tebet Barat;0,0391;0,0818;0,0602;0,25;0,2222;0
Rumah Siap Huni Hanya 50meter Ke Jalan Asembaris Raya;0,0172;0,0348;0,0535;0;0,1111;0
Rumah 2lantai Strategis Akses 2mobil Lokasi Asembaris Tebet;0,0313;0,1289;0,0527;0;0,1111;0
Rumah Asri Siap Huni Strategis Lokasi Asembaris Bebas Banjir;0,018;0,0611;0,0602;0,125;0,1111;0
Rumah Baru 2,5 Lantai Akses 1mobil Lokasi Tebet Timur;0,0313;0,1289;0,0267;0,125;0,1111;0,1111
Rumah Bagus Siap Huni Tebet Barat Jak Sel;0,0352;0,0536;0,0371;0,25;0,2222;0
Rumah Sederhana Di Tebet Timur Jak Sel;0,0117;0,0207;0,0267;0;0;0
Rumah Siap Huni Ada Kosan 4pintu Lokasi Tebet Barat Jak Sel;0,0438;0,1289;0,0676;0,75;0,7778;0
Rumah Strategis Siap Huni Akses 1mobil Dekat Pasar Tebet Jak Sel;0,0234;0,0536;0,0342;0,125;0,1111;0
Rumah Lama Layak Huni Akses 2 Mbl Bs Utk Kosan Di Menteng Dlm Jak Sel;0,05;0,1759;0,1129;0,375;0,3333;0
Rumah Baru Siap Huni Akses 2mobil Semi Furnised Lokasi Tebet Utara;0,0547;0,0611;0,0267;0,125;0,2222;0
Rumah Siap Huni Posisi Huk Akses 2mobil 200meter Kejalan Supomo;0,0938;0,0818;0,0416;0,25;0,2222;0
Rumah Strategis 100meter Ke Jl Supomo Di Menteng Dalam Tebet Jak Sel;0,025;0,0348;0,0639;0,125;0,1111;0
Rumah Strategis Akses Jalan 2mobil Di Menteng Dalam Tebet Jak Sel;0,125;0,3641;0,3685;1;1;0,2222
Tebet Rumah Siap Huni Jln 2 Mbl Nyaman;0,0469;0,0913;0,0639;0,25;0,2222;0,1111
Di Kebun Baru Rumah Terawat, Area Strategis;0,0469;0,0715;0,1308;0,25;0,3333;0
Dijual Rumah Kokoh Di Gudang Peluru;0,1484;0,3358;0,2793;0,625;0,3333;0,1111
